
/*!40101 SET @OLD_CHARACTER_SET_CLIENT=@@CHARACTER_SET_CLIENT */;
/*!40101 SET @OLD_CHARACTER_SET_RESULTS=@@CHARACTER_SET_RESULTS */;
/*!40101 SET @OLD_COLLATION_CONNECTION=@@COLLATION_CONNECTION */;
/*!50503 SET NAMES utf8mb4 */;
/*!40103 SET @OLD_TIME_ZONE=@@TIME_ZONE */;
/*!40103 SET TIME_ZONE='+00:00' */;
/*!40014 SET @OLD_UNIQUE_CHECKS=@@UNIQUE_CHECKS, UNIQUE_CHECKS=0 */;
/*!40014 SET @OLD_FOREIGN_KEY_CHECKS=@@FOREIGN_KEY_CHECKS, FOREIGN_KEY_CHECKS=0 */;
/*!40101 SET @OLD_SQL_MODE=@@SQL_MODE, SQL_MODE='NO_AUTO_VALUE_ON_ZERO' */;
/*!40111 SET @OLD_SQL_NOTES=@@SQL_NOTES, SQL_NOTES=0 */;
DROP TABLE IF EXISTS `appointments`;
/*!40101 SET @saved_cs_client     = @@character_set_client */;
/*!50503 SET character_set_client = utf8mb4 */;
CREATE TABLE `appointments` (
  `id` bigint unsigned NOT NULL AUTO_INCREMENT,
  `name` varchar(255) COLLATE utf8mb4_unicode_ci NOT NULL,
  `issue` varchar(255) COLLATE utf8mb4_unicode_ci DEFAULT NULL,
  `description` varchar(255) COLLATE utf8mb4_unicode_ci DEFAULT NULL,
  `phone` varchar(255) COLLATE utf8mb4_unicode_ci NOT NULL,
  `whatsapp` varchar(255) COLLATE utf8mb4_unicode_ci DEFAULT NULL,
  `email` varchar(255) COLLATE utf8mb4_unicode_ci DEFAULT NULL,
  `age` datetime NOT NULL,
  `gender` enum('male','female','other') COLLATE utf8mb4_unicode_ci NOT NULL,
  `created_at` timestamp NULL DEFAULT NULL,
  `updated_at` timestamp NULL DEFAULT NULL,
  `user_id` bigint unsigned DEFAULT NULL,
  `doctor_id` bigint unsigned DEFAULT NULL,
  `hospital_id` bigint unsigned DEFAULT NULL,
  `deleted_at` timestamp NULL DEFAULT NULL,
  PRIMARY KEY (`id`),
  KEY `appointments_user_id_foreign` (`user_id`),
  KEY `appointments_doctor_id_foreign` (`doctor_id`),
  KEY `appointments_hospital_id_foreign` (`hospital_id`),
  CONSTRAINT `appointments_doctor_id_foreign` FOREIGN KEY (`doctor_id`) REFERENCES `doctors` (`id`),
  CONSTRAINT `appointments_hospital_id_foreign` FOREIGN KEY (`hospital_id`) REFERENCES `hospitals` (`id`),
  CONSTRAINT `appointments_user_id_foreign` FOREIGN KEY (`user_id`) REFERENCES `users` (`id`)
) ENGINE=InnoDB DEFAULT CHARSET=utf8mb4 COLLATE=utf8mb4_unicode_ci;
/*!40101 SET character_set_client = @saved_cs_client */;

LOCK TABLES `appointments` WRITE;
/*!40000 ALTER TABLE `appointments` DISABLE KEYS */;
/*!40000 ALTER TABLE `appointments` ENABLE KEYS */;
UNLOCK TABLES;
DROP TABLE IF EXISTS `blog_tags`;
/*!40101 SET @saved_cs_client     = @@character_set_client */;
/*!50503 SET character_set_client = utf8mb4 */;
CREATE TABLE `blog_tags` (
  `id` bigint unsigned NOT NULL AUTO_INCREMENT,
  `blog_id` varchar(255) COLLATE utf8mb4_unicode_ci NOT NULL,
  `tag_id` varchar(255) COLLATE utf8mb4_unicode_ci NOT NULL,
  `created_at` timestamp NULL DEFAULT NULL,
  `updated_at` timestamp NULL DEFAULT NULL,
  PRIMARY KEY (`id`)
) ENGINE=InnoDB DEFAULT CHARSET=utf8mb4 COLLATE=utf8mb4_unicode_ci;
/*!40101 SET character_set_client = @saved_cs_client */;

LOCK TABLES `blog_tags` WRITE;
/*!40000 ALTER TABLE `blog_tags` DISABLE KEYS */;
/*!40000 ALTER TABLE `blog_tags` ENABLE KEYS */;
UNLOCK TABLES;
DROP TABLE IF EXISTS `blogs`;
/*!40101 SET @saved_cs_client     = @@character_set_client */;
/*!50503 SET character_set_client = utf8mb4 */;
CREATE TABLE `blogs` (
  `id` bigint unsigned NOT NULL AUTO_INCREMENT,
  `title` varchar(255) COLLATE utf8mb4_unicode_ci NOT NULL,
  `slug` varchar(255) COLLATE utf8mb4_unicode_ci NOT NULL,
  `description` longtext COLLATE utf8mb4_unicode_ci,
  `content` longtext COLLATE utf8mb4_unicode_ci,
  `image` varchar(255) COLLATE utf8mb4_unicode_ci NOT NULL DEFAULT 'default_blog_avatar.jpg',
  `meta_keywords` longtext COLLATE utf8mb4_unicode_ci,
  `meta_description` longtext COLLATE utf8mb4_unicode_ci,
  `created_at` timestamp NULL DEFAULT NULL,
  `updated_at` timestamp NULL DEFAULT NULL,
  PRIMARY KEY (`id`)
) ENGINE=InnoDB DEFAULT CHARSET=utf8mb4 COLLATE=utf8mb4_unicode_ci;
/*!40101 SET character_set_client = @saved_cs_client */;

LOCK TABLES `blogs` WRITE;
/*!40000 ALTER TABLE `blogs` DISABLE KEYS */;
/*!40000 ALTER TABLE `blogs` ENABLE KEYS */;
UNLOCK TABLES;
DROP TABLE IF EXISTS `cities`;
/*!40101 SET @saved_cs_client     = @@character_set_client */;
/*!50503 SET character_set_client = utf8mb4 */;
CREATE TABLE `cities` (
  `id` bigint unsigned NOT NULL AUTO_INCREMENT,
  `name` varchar(255) COLLATE utf8mb4_unicode_ci NOT NULL,
  `image` varchar(255) COLLATE utf8mb4_unicode_ci NOT NULL DEFAULT 'default-city-image.png',
  `slug` varchar(255) COLLATE utf8mb4_unicode_ci DEFAULT NULL,
  `code` varchar(255) COLLATE utf8mb4_unicode_ci DEFAULT NULL,
  `country_id` bigint unsigned NOT NULL,
  `created_at` timestamp NULL DEFAULT NULL,
  `updated_at` timestamp NULL DEFAULT NULL,
  PRIMARY KEY (`id`),
  UNIQUE KEY `cities_name_unique` (`name`),
  UNIQUE KEY `cities_slug_unique` (`slug`),
  UNIQUE KEY `cities_code_unique` (`code`),
  KEY `cities_country_id_foreign` (`country_id`),
  CONSTRAINT `cities_country_id_foreign` FOREIGN KEY (`country_id`) REFERENCES `countries` (`id`) ON DELETE CASCADE
) ENGINE=InnoDB AUTO_INCREMENT=13 DEFAULT CHARSET=utf8mb4 COLLATE=utf8mb4_unicode_ci;
/*!40101 SET character_set_client = @saved_cs_client */;

LOCK TABLES `cities` WRITE;
/*!40000 ALTER TABLE `cities` DISABLE KEYS */;
INSERT INTO `cities` VALUES (1,'dhaka','default-city-image.png',NULL,NULL,1,'2024-12-11 03:37:02','2024-12-11 03:37:02'),(2,'chittagong','default-city-image.png',NULL,NULL,1,'2024-12-11 03:37:02','2024-12-11 03:37:02'),(3,'Kuala Lumpur','default-city-image.png',NULL,NULL,2,'2024-12-11 03:37:03','2024-12-11 03:37:03'),(4,'Petaling Jaya','default-city-image.png',NULL,NULL,2,'2024-12-11 03:37:03','2024-12-11 03:37:03'),(5,'Jurong East','default-city-image.png',NULL,NULL,3,'2024-12-11 03:37:03','2024-12-11 03:37:03'),(6,'singapore city','default-city-image.png',NULL,NULL,3,'2024-12-11 03:37:03','2024-12-11 03:37:03'),(7,'delhi','default-city-image.png',NULL,NULL,4,'2024-12-11 03:37:03','2024-12-11 03:37:03'),(8,'chennai','default-city-image.png',NULL,NULL,4,'2024-12-11 03:37:03','2024-12-11 03:37:03'),(9,'kolkata','default-city-image.png',NULL,NULL,4,'2024-12-11 03:37:03','2024-12-11 03:37:03'),(10,'bangkok','default-city-image.png',NULL,NULL,5,'2024-12-11 03:37:03','2024-12-11 03:37:03'),(11,'pattaya','default-city-image.png',NULL,NULL,5,'2024-12-11 03:37:03','2024-12-11 03:37:03'),(12,'phuket','default-city-image.png',NULL,NULL,5,'2024-12-11 03:37:03','2024-12-11 03:37:03');
/*!40000 ALTER TABLE `cities` ENABLE KEYS */;
UNLOCK TABLES;
DROP TABLE IF EXISTS `countries`;
/*!40101 SET @saved_cs_client     = @@character_set_client */;
/*!50503 SET character_set_client = utf8mb4 */;
CREATE TABLE `countries` (
  `id` bigint unsigned NOT NULL AUTO_INCREMENT,
  `name` varchar(255) COLLATE utf8mb4_unicode_ci NOT NULL,
  `slug` varchar(255) COLLATE utf8mb4_unicode_ci DEFAULT NULL,
  `icon_markup` varchar(255) COLLATE utf8mb4_unicode_ci DEFAULT NULL,
  `icon_symbol` varchar(255) COLLATE utf8mb4_unicode_ci DEFAULT NULL,
  `image` varchar(255) COLLATE utf8mb4_unicode_ci DEFAULT NULL,
  `created_at` timestamp NULL DEFAULT NULL,
  `updated_at` timestamp NULL DEFAULT NULL,
  PRIMARY KEY (`id`),
  UNIQUE KEY `countries_name_unique` (`name`),
  UNIQUE KEY `countries_slug_unique` (`slug`)
) ENGINE=InnoDB AUTO_INCREMENT=6 DEFAULT CHARSET=utf8mb4 COLLATE=utf8mb4_unicode_ci;
/*!40101 SET character_set_client = @saved_cs_client */;

LOCK TABLES `countries` WRITE;
/*!40000 ALTER TABLE `countries` DISABLE KEYS */;
INSERT INTO `countries` VALUES (1,'bangladesh',NULL,NULL,'🇧🇩',NULL,'2024-12-11 03:37:02','2024-12-11 03:37:02'),(2,'malaysia',NULL,NULL,'🇲🇾',NULL,'2024-12-11 03:37:03','2024-12-11 03:37:03'),(3,'singapore',NULL,NULL,'🇸🇬',NULL,'2024-12-11 03:37:03','2024-12-11 03:37:03'),(4,'india',NULL,NULL,'🇮🇳',NULL,'2024-12-11 03:37:03','2024-12-11 03:37:03'),(5,'thailand',NULL,NULL,'🇹🇭',NULL,'2024-12-11 03:37:03','2024-12-11 03:37:03');
/*!40000 ALTER TABLE `countries` ENABLE KEYS */;
UNLOCK TABLES;
DROP TABLE IF EXISTS `departments`;
/*!40101 SET @saved_cs_client     = @@character_set_client */;
/*!50503 SET character_set_client = utf8mb4 */;
CREATE TABLE `departments` (
  `id` bigint unsigned NOT NULL AUTO_INCREMENT,
  `name` varchar(255) COLLATE utf8mb4_unicode_ci NOT NULL,
  `image` varchar(255) COLLATE utf8mb4_unicode_ci NOT NULL DEFAULT 'default_department.png',
  `slug` varchar(255) COLLATE utf8mb4_unicode_ci DEFAULT NULL,
  `details` varchar(255) COLLATE utf8mb4_unicode_ci DEFAULT NULL,
  `status` enum('active','inactive') COLLATE utf8mb4_unicode_ci NOT NULL DEFAULT 'active',
  `created_at` timestamp NULL DEFAULT NULL,
  `updated_at` timestamp NULL DEFAULT NULL,
  PRIMARY KEY (`id`),
  UNIQUE KEY `departments_name_unique` (`name`),
  UNIQUE KEY `departments_slug_unique` (`slug`)
) ENGINE=InnoDB AUTO_INCREMENT=63 DEFAULT CHARSET=utf8mb4 COLLATE=utf8mb4_unicode_ci;
/*!40101 SET character_set_client = @saved_cs_client */;

LOCK TABLES `departments` WRITE;
/*!40000 ALTER TABLE `departments` DISABLE KEYS */;
INSERT INTO `departments` VALUES (1,'Accident Emergency','default_department.png',NULL,NULL,'active','2024-12-18 18:56:06','2024-12-18 18:56:06'),(2,'Anaesthesia and Pain Medicine','default_department.png',NULL,NULL,'active','2024-12-18 18:56:06','2024-12-18 18:56:06'),(3,'Cancer Care Centre','default_department.png',NULL,NULL,'active','2024-12-18 18:56:06','2024-12-18 18:56:06'),(4,'Cardiac Electrophysiology','default_department.png',NULL,NULL,'active','2024-12-18 18:56:06','2024-12-18 18:56:06'),(5,'Heart Failure and Interventional Cardiology','default_department.png',NULL,NULL,'active','2024-12-18 18:56:06','2024-12-18 18:56:06'),(6,'Cardiology','default_department.png',NULL,NULL,'active','2024-12-18 18:56:06','2024-12-18 18:56:06'),(7,'Cardiothoracic and Vascular Surgery','default_department.png',NULL,NULL,'active','2024-12-18 18:56:06','2024-12-18 18:56:06'),(8,'Cardiothoracic Anaesthesia','default_department.png',NULL,NULL,'active','2024-12-18 18:56:06','2024-12-18 18:56:06'),(9,'Child Development Centre','default_department.png',NULL,NULL,'active','2024-12-18 18:56:06','2024-12-18 18:56:06'),(10,'Counsellor','default_department.png',NULL,NULL,'active','2024-12-18 18:56:06','2024-12-18 18:56:06'),(11,'Critical Care','default_department.png',NULL,NULL,'active','2024-12-18 18:56:06','2024-12-18 18:56:06'),(12,'Dental and Maxillofacial Surgery','default_department.png',NULL,NULL,'active','2024-12-18 18:56:06','2024-12-18 18:56:06'),(13,'Dermatology and Venereology','default_department.png',NULL,NULL,'active','2024-12-18 18:56:06','2024-12-18 18:56:06'),(14,'Diabetology and Endocrinology','default_department.png',NULL,NULL,'active','2024-12-18 18:56:06','2024-12-18 18:56:06'),(15,'Diagnostic and Interventional Radiology','default_department.png',NULL,NULL,'active','2024-12-18 18:56:06','2024-12-18 18:56:06'),(16,'Dietetics and Nutrition','default_department.png',NULL,NULL,'active','2024-12-18 18:56:06','2024-12-18 18:56:06'),(17,'ENT and Head Neck Surgery','default_department.png',NULL,NULL,'active','2024-12-18 18:56:06','2024-12-18 18:56:06'),(18,'Fertility Centre','default_department.png',NULL,NULL,'active','2024-12-18 18:56:06','2024-12-18 18:56:06'),(19,'Gastroenterology and Hepatology','default_department.png',NULL,NULL,'active','2024-12-18 18:56:06','2024-12-18 18:56:06'),(20,'General and Lap Surgery','default_department.png',NULL,NULL,'active','2024-12-18 18:56:06','2024-12-18 18:56:06'),(21,'Haematology and Stem Cell Transplant','default_department.png',NULL,NULL,'active','2024-12-18 18:56:06','2024-12-18 18:56:06'),(22,'Hip Centre','default_department.png',NULL,NULL,'active','2024-12-18 18:56:06','2024-12-18 18:56:06'),(23,'Internal Medicine','default_department.png',NULL,NULL,'active','2024-12-18 18:56:06','2024-12-18 18:56:06'),(24,'Joint Care and Wellness Centre','default_department.png',NULL,NULL,'active','2024-12-18 18:56:06','2024-12-18 18:56:06'),(25,'Kidney Transplant Program','default_department.png',NULL,NULL,'active','2024-12-18 18:56:06','2024-12-18 18:56:06'),(26,'Lab Medicine','default_department.png',NULL,NULL,'active','2024-12-18 18:56:06','2024-12-18 18:56:06'),(27,'Medical Oncology','default_department.png',NULL,NULL,'active','2024-12-18 18:56:06','2024-12-18 18:56:06'),(28,'Neonatology','default_department.png',NULL,NULL,'active','2024-12-18 18:56:06','2024-12-18 18:56:06'),(29,'Nephrology','default_department.png',NULL,NULL,'active','2024-12-18 18:56:06','2024-12-18 18:56:06'),(30,'Neurology','default_department.png',NULL,NULL,'active','2024-12-18 18:56:06','2024-12-18 18:56:06'),(31,'Neurosurgery','default_department.png',NULL,NULL,'active','2024-12-18 18:56:06','2024-12-18 18:56:06'),(32,'Nuclear Medicine','default_department.png',NULL,NULL,'active','2024-12-18 18:56:06','2024-12-18 18:56:06'),(33,'Obstetrics and Gynaecology','default_department.png',NULL,NULL,'active','2024-12-18 18:56:06','2024-12-18 18:56:06'),(34,'Oncoplastic and Reconstructive Breast Surgery','default_department.png',NULL,NULL,'active','2024-12-18 18:56:06','2024-12-18 18:56:06'),(35,'Ophthalmology','default_department.png',NULL,NULL,'active','2024-12-18 18:56:06','2024-12-18 18:56:06'),(36,'Orthopaedics','default_department.png',NULL,NULL,'active','2024-12-18 18:56:06','2024-12-18 18:56:06'),(37,'Paediatric Cardiology','default_department.png',NULL,NULL,'active','2024-12-18 18:56:06','2024-12-18 18:56:06'),(38,'Paediatric Surgery and Paediatric Urology','default_department.png',NULL,NULL,'active','2024-12-18 18:56:06','2024-12-18 18:56:06'),(39,'Paediatrics','default_department.png',NULL,NULL,'active','2024-12-18 18:56:06','2024-12-18 18:56:06'),(40,'Paediatrics and Neonatology','default_department.png',NULL,NULL,'active','2024-12-18 18:56:06','2024-12-18 18:56:06'),(41,'Physical Medicine and Rehabilitation','default_department.png',NULL,NULL,'active','2024-12-18 18:56:06','2024-12-18 18:56:06'),(42,'Plastic, Reconstructive and Cosmetic Surgery','default_department.png',NULL,NULL,'active','2024-12-18 18:56:06','2024-12-18 18:56:06'),(43,'Psychiatry','default_department.png',NULL,NULL,'active','2024-12-18 18:56:06','2024-12-18 18:56:06'),(44,'Radiation Oncology','default_department.png',NULL,NULL,'active','2024-12-18 18:56:06','2024-12-18 18:56:06'),(45,'Respiratory Medicine','default_department.png',NULL,NULL,'active','2024-12-18 18:56:06','2024-12-18 18:56:06'),(46,'Rheumatology','default_department.png',NULL,NULL,'active','2024-12-18 18:56:06','2024-12-18 18:56:06'),(47,'Thyroid and Head-Neck Oncosurgery','default_department.png',NULL,NULL,'active','2024-12-18 18:56:06','2024-12-18 18:56:06'),(48,'Transfusion Medicine','default_department.png',NULL,NULL,'active','2024-12-18 18:56:06','2024-12-18 18:56:06'),(49,'Urology','default_department.png',NULL,NULL,'active','2024-12-18 18:56:06','2024-12-18 18:56:06'),(50,'thoracic surgery','default_department.png','thoracic-surgery',NULL,'active','2024-12-20 12:27:16','2024-12-20 12:27:16'),(51,'family medicine, surgery','default_department.png','family-medicine-surgery',NULL,'active','2024-12-20 12:27:19','2024-12-20 12:27:19'),(52,'pediatrics','default_department.png','pediatrics',NULL,'active','2024-12-20 12:33:13','2024-12-20 12:33:13'),(53,'anesthesiology','default_department.png','anesthesiology',NULL,'active','2024-12-20 12:33:19','2024-12-20 12:33:19'),(54,'operative dentistry','default_department.png','operative-dentistry',NULL,'active','2024-12-20 12:33:25','2024-12-20 12:33:25'),(55,'otolaryngology','default_department.png','otolaryngology',NULL,'active','2024-12-20 12:33:29','2024-12-20 12:33:29'),(56,'surgery, thoracic surgery','default_department.png','surgery-thoracic-surgery',NULL,'active','2024-12-20 12:33:40','2024-12-20 12:33:40'),(57,'emergency medicine','default_department.png','emergency-medicine',NULL,'active','2024-12-20 12:33:43','2024-12-20 12:33:43'),(58,'plastic surgery','default_department.png','plastic-surgery',NULL,'active','2024-12-20 12:34:00','2024-12-20 12:34:00'),(59,'internal medicine, family medicine','default_department.png','internal-medicine-family-medicine',NULL,'active','2024-12-20 12:34:07','2024-12-20 12:34:07'),(60,'internal medicine, medical oncology','default_department.png','internal-medicine-medical-oncology',NULL,'active','2024-12-20 12:34:24','2024-12-20 12:34:24'),(61,'periodontology','default_department.png','periodontology',NULL,'active','2024-12-20 12:34:27','2024-12-20 12:34:27'),(62,'diagnostic radiology','default_department.png','diagnostic-radiology',NULL,'active','2024-12-20 12:34:56','2024-12-20 12:34:56');
/*!40000 ALTER TABLE `departments` ENABLE KEYS */;
UNLOCK TABLES;
DROP TABLE IF EXISTS `diagnostic_centers`;
/*!40101 SET @saved_cs_client     = @@character_set_client */;
/*!50503 SET character_set_client = utf8mb4 */;
CREATE TABLE `diagnostic_centers` (
  `id` bigint unsigned NOT NULL AUTO_INCREMENT,
  `name` varchar(255) COLLATE utf8mb4_unicode_ci NOT NULL,
  `slug` varchar(255) COLLATE utf8mb4_unicode_ci NOT NULL,
  `image` varchar(255) COLLATE utf8mb4_unicode_ci NOT NULL,
  `body` longtext COLLATE utf8mb4_unicode_ci NOT NULL,
  `created_at` timestamp NULL DEFAULT NULL,
  `updated_at` timestamp NULL DEFAULT NULL,
  PRIMARY KEY (`id`),
  UNIQUE KEY `diagnostic_centers_slug_unique` (`slug`)
) ENGINE=InnoDB AUTO_INCREMENT=3 DEFAULT CHARSET=utf8mb4 COLLATE=utf8mb4_unicode_ci;
/*!40101 SET character_set_client = @saved_cs_client */;

LOCK TABLES `diagnostic_centers` WRITE;
/*!40000 ALTER TABLE `diagnostic_centers` DISABLE KEYS */;
INSERT INTO `diagnostic_centers` VALUES (2,'Channing Mckee','channing-mckee','1733910157-diagnostic-center.jpg','Quia accusantium iru','2024-12-11 03:42:37','2024-12-11 03:42:37');
/*!40000 ALTER TABLE `diagnostic_centers` ENABLE KEYS */;
UNLOCK TABLES;
DROP TABLE IF EXISTS `doctors`;
/*!40101 SET @saved_cs_client     = @@character_set_client */;
/*!50503 SET character_set_client = utf8mb4 */;
CREATE TABLE `doctors` (
  `id` bigint unsigned NOT NULL AUTO_INCREMENT,
  `firstname` varchar(255) COLLATE utf8mb4_unicode_ci NOT NULL,
  `lastname` varchar(255) COLLATE utf8mb4_unicode_ci NOT NULL,
  `slug` varchar(255) COLLATE utf8mb4_unicode_ci DEFAULT NULL,
  `profile_picture` varchar(255) COLLATE utf8mb4_unicode_ci NOT NULL DEFAULT 'default_doctor_avatar.png',
  `email` varchar(255) COLLATE utf8mb4_unicode_ci DEFAULT NULL,
  `phone_number` varchar(255) COLLATE utf8mb4_unicode_ci DEFAULT NULL,
  `license_number` varchar(255) COLLATE utf8mb4_unicode_ci DEFAULT NULL,
  `qualification` varchar(255) COLLATE utf8mb4_unicode_ci DEFAULT NULL,
  `experience_years` int unsigned DEFAULT '0',
  `address` text COLLATE utf8mb4_unicode_ci,
  `dob` date DEFAULT NULL,
  `gender` enum('male','female','other') COLLATE utf8mb4_unicode_ci NOT NULL DEFAULT 'male',
  `nationality` varchar(100) COLLATE utf8mb4_unicode_ci DEFAULT NULL,
  `consultation_fee` decimal(8,2) DEFAULT NULL,
  `bio` longtext COLLATE utf8mb4_unicode_ci,
  `working_hours` json DEFAULT NULL,
  `status` enum('active','inactive') COLLATE utf8mb4_unicode_ci NOT NULL DEFAULT 'active',
  `created_at` timestamp NULL DEFAULT NULL,
  `updated_at` timestamp NULL DEFAULT NULL,
  `deleted_at` timestamp NULL DEFAULT NULL,
  `city_id` bigint unsigned DEFAULT NULL,
  `department_id` bigint unsigned DEFAULT NULL,
  PRIMARY KEY (`id`),
  UNIQUE KEY `doctors_slug_unique` (`slug`),
  UNIQUE KEY `doctors_email_unique` (`email`),
  UNIQUE KEY `doctors_license_number_unique` (`license_number`),
  KEY `doctors_department_id_foreign` (`department_id`),
  CONSTRAINT `doctors_department_id_foreign` FOREIGN KEY (`department_id`) REFERENCES `departments` (`id`) ON DELETE SET NULL
) ENGINE=InnoDB AUTO_INCREMENT=162 DEFAULT CHARSET=utf8mb4 COLLATE=utf8mb4_unicode_ci;
/*!40101 SET character_set_client = @saved_cs_client */;

LOCK TABLES `doctors` WRITE;
/*!40000 ALTER TABLE `doctors` DISABLE KEYS */;
INSERT INTO `doctors` VALUES (117,'dr. manoch','techachokwiwat','-dr. manoch-techachokwiwat-1734719577','1734719577-doctor.jpg',NULL,NULL,NULL,NULL,NULL,NULL,NULL,'male',NULL,NULL,'<div class=\"tw-flex tw-flex-col md:tw-space-y-12 sm:tw-space-y-10 tw-space-y-9 sm:tw-my-14 tw-my-10\"><div id=\"doctor-list\" class=\"tw-relative md:tw-rounded-3xl tw-rounded-xl md:tw-p-9 md:!tw-pt-20 sm:tw-p-6 sm:!tw-pt-14 tw-p-4 !tw-pt-12 education-wrapper\"><div class=\"tw-absolute tw-bg-bgh-white tw-top-0 tw-left-0 md:tw-skew-x-[-32deg] tw-skew-x-[-24deg] md:tw-pr-8 tw-pr-4 md:tw-rounded-br-xl tw-rounded-br-lg\"><h3 class=\"tw-capitalize md:tw-skew-x-[32deg] tw-skew-x-[24deg] md:tw-p-4 md:!tw-pr-0 tw-p-3 tw-bg-bgh-white tw-relative inverted-border-radius\">Education</h3></div><div class=\"tw-grid sm:tw-grid-cols-5 sm:tw-gap-6 tw-gap-1 tw-mt-6\"><h5 class=\"tw-text-primary tw-text-xl\">1995</h5><span class=\"tw-col-span-2 tw-text-lg tw-font-bold tw-text-primary\">Nephrology</span><span class=\"tw-col-span-2\">Chulalongkorn University, Thailand</span></div><div class=\"tw-grid sm:tw-grid-cols-5 sm:tw-gap-6 tw-gap-1 tw-mt-6\"><h5 class=\"tw-text-primary tw-text-xl\">1993</h5><span class=\"tw-col-span-2 tw-text-lg tw-font-bold tw-text-primary\">Internal Medicine</span><span class=\"tw-col-span-2\">Chulalongkorn University, Thailand</span></div><div class=\"tw-grid sm:tw-grid-cols-5 sm:tw-gap-6 tw-gap-1 tw-mt-6\"><h5 class=\"tw-text-primary tw-text-xl\">1987</h5><span class=\"tw-col-span-2 tw-text-lg tw-font-bold tw-text-primary\">Doctor of Medicine</span><span class=\"tw-col-span-2\">Chiang Mai University, Thailand</span></div></div></div>','{}','active','2024-12-20 12:32:57','2024-12-20 12:32:57',NULL,10,23),(118,'dr. vitoon','pitiguagool','-dr. vitoon-pitiguagool-1734719579','1734719579-doctor.jpg',NULL,NULL,NULL,NULL,NULL,NULL,NULL,'male',NULL,NULL,'<div class=\"tw-container\"><div class=\"tw-relative sm:tw-py-12 tw-pb-10 tw-pt-6 tw-flex sm:tw-flex-row tw-flex-col sm:tw-items-start tw-items-center sm:tw-space-y-0 tw-space-y-7\"><h3 class=\"animated-underline tw-flex-none md-br ltr:md:tw-mr-24 ltr:sm:tw-mr-16 rtl:md:tw-ml-24 rtl:sm:tw-ml-16\">Treatments &amp;<br class=\"sm:tw-block tw-hidden\"> Services</h3><div class=\"tw-w-full sm:tw-grid tw-grid-cols-2 md:tw-gap-4 sm:tw-gap-3 md:tw-grid-cols-3\"><div class=\"tw-shadow-main-blue-light tw-rounded-md tw-capitalize tw-font-bold tw-bg-white sm:tw-scale-y-100 sm:tw-opacity-100 sm:tw-h-auto tw-origin-top tw-duration-200 tw-flex tw-items-center sm:tw-px-4 md:tw-py-5 sm:tw-py-4 sm:tw-mt-0 tw-mt-3 tw-px-4 tw-py-3 sm:tw-mt-0 tw-mt-3 tw-px-4 tw-py-3\"><span class=\"line-clamp-2\">Cardiothoracic Surgery</span></div><div class=\"tw-shadow-main-blue-light tw-rounded-md tw-capitalize tw-font-bold tw-bg-white sm:tw-scale-y-100 sm:tw-opacity-100 sm:tw-h-auto tw-origin-top tw-duration-200 tw-flex tw-items-center sm:tw-px-4 md:tw-py-5 sm:tw-py-4 sm:tw-mt-0 tw-mt-3 tw-px-4 tw-py-3 sm:tw-mt-0 tw-mt-3 tw-px-4 tw-py-3\"><span class=\"line-clamp-2\">Valve repair &amp; replacement</span></div><div class=\"tw-shadow-main-blue-light tw-rounded-md tw-capitalize tw-font-bold tw-bg-white sm:tw-scale-y-100 sm:tw-opacity-100 sm:tw-h-auto tw-origin-top tw-duration-200 tw-flex tw-items-center sm:tw-px-4 md:tw-py-5 sm:tw-py-4 sm:tw-mt-0 tw-mt-3 tw-px-4 tw-py-3 sm:tw-mt-0 tw-mt-3 tw-px-4 tw-py-3\"><span class=\"line-clamp-2\">Aortic Aneurysm </span></div><div class=\"tw-shadow-main-blue-light tw-rounded-md tw-capitalize tw-font-bold tw-bg-white sm:tw-scale-y-100 sm:tw-opacity-100 sm:tw-h-auto tw-origin-top tw-duration-200 tw-flex tw-items-center sm:tw-px-4 md:tw-py-5 sm:tw-py-4 sm:tw-mt-0 tw-mt-3 tw-px-4 tw-py-3 sm:tw-mt-0 tw-mt-3 tw-px-4 tw-py-3\"><span class=\"line-clamp-2\">Cardiothoracic Surgery</span></div><div class=\"tw-shadow-main-blue-light tw-rounded-md tw-capitalize tw-font-bold tw-bg-white sm:tw-scale-y-100 sm:tw-opacity-100 sm:tw-h-auto tw-origin-top tw-duration-200 tw-flex tw-items-center sm:tw-px-4 md:tw-py-5 sm:tw-py-4 sm:tw-mt-0 tw-mt-3 tw-px-4 tw-py-3 sm:tw-mt-0 tw-mt-3 tw-px-4 tw-py-3\"><span class=\"line-clamp-2\">Coronary artery disease : CAD</span></div><div class=\"tw-shadow-main-blue-light tw-rounded-md tw-capitalize tw-font-bold tw-bg-white sm:tw-scale-y-100 sm:tw-opacity-100 sm:tw-h-auto tw-origin-top tw-duration-200 tw-flex tw-items-center sm:tw-px-4 md:tw-py-5 sm:tw-py-4 sm:tw-mt-0 tw-mt-3 tw-px-4 tw-py-3 sm:tw-mt-0 tw-mt-3 tw-px-4 tw-py-3\"><span class=\"line-clamp-2\">Valve Heart Disease</span></div><div class=\"tw-shadow-main-blue-light tw-rounded-md tw-capitalize tw-font-bold tw-bg-white sm:tw-scale-y-100 sm:tw-opacity-100 sm:tw-h-auto tw-origin-top tw-duration-200 tw-flex tw-items-center sm:tw-px-4 md:tw-py-5 sm:tw-py-4 sm:tw-mt-0 tw-mt-3 tw-px-4 tw-py-3 sm:tw-mt-0 tw-mt-3 tw-px-4 tw-py-3\"><span class=\"line-clamp-2\">Heart and vascular surgery</span></div><div class=\"tw-shadow-main-blue-light tw-rounded-md tw-capitalize tw-font-bold tw-bg-white sm:tw-scale-y-100 sm:tw-opacity-100 sm:tw-h-auto tw-origin-top tw-duration-200 tw-flex tw-items-center sm:tw-px-4 md:tw-py-5 sm:tw-py-4 sm:tw-mt-0 tw-mt-3 tw-px-4 tw-py-3 sm:tw-mt-0 tw-mt-3 tw-px-4 tw-py-3\"><span class=\"line-clamp-2\">TAVI / TAVR  Repair or Replacement of Heart Valves</span></div><div class=\"tw-shadow-main-blue-light tw-rounded-md tw-capitalize tw-font-bold tw-bg-white sm:tw-scale-y-100 sm:tw-opacity-100 sm:tw-h-auto tw-origin-top tw-duration-200 tw-flex tw-items-center sm:tw-px-4 md:tw-py-5 sm:tw-py-4 sm:tw-mt-0 tw-mt-3 tw-px-4 tw-py-3 max-sm:tw-scale-y-0 max-sm:tw-opacity-0 max-sm:tw-h-0 max-sm:!tw-m-0 max-sm:!tw-p-0\"><span class=\"line-clamp-2\"> Heart Mitral Valve/ Aortic Valve</span></div><div class=\"tw-shadow-main-blue-light tw-rounded-md tw-capitalize tw-font-bold tw-bg-white sm:tw-scale-y-100 sm:tw-opacity-100 sm:tw-h-auto tw-origin-top tw-duration-200 tw-flex tw-items-center sm:tw-px-4 md:tw-py-5 sm:tw-py-4 sm:tw-mt-0 tw-mt-3 tw-px-4 tw-py-3 max-sm:tw-scale-y-0 max-sm:tw-opacity-0 max-sm:tw-h-0 max-sm:!tw-m-0 max-sm:!tw-p-0\"><span class=\"line-clamp-2\">Mitral Clip</span></div><div class=\"tw-shadow-main-blue-light tw-rounded-md tw-capitalize tw-font-bold tw-bg-white sm:tw-scale-y-100 sm:tw-opacity-100 sm:tw-h-auto tw-origin-top tw-duration-200 tw-flex tw-items-center sm:tw-px-4 md:tw-py-5 sm:tw-py-4 sm:tw-mt-0 tw-mt-3 tw-px-4 tw-py-3 max-sm:tw-scale-y-0 max-sm:tw-opacity-0 max-sm:tw-h-0 max-sm:!tw-m-0 max-sm:!tw-p-0\"><span class=\"line-clamp-2\">Rheumatic Heart Disease</span></div><div class=\"tw-shadow-main-blue-light tw-rounded-md tw-capitalize tw-font-bold tw-bg-white sm:tw-scale-y-100 sm:tw-opacity-100 sm:tw-h-auto tw-origin-top tw-duration-200 tw-flex tw-items-center sm:tw-px-4 md:tw-py-5 sm:tw-py-4 sm:tw-mt-0 tw-mt-3 tw-px-4 tw-py-3 max-sm:tw-scale-y-0 max-sm:tw-opacity-0 max-sm:tw-h-0 max-sm:!tw-m-0 max-sm:!tw-p-0\"><span class=\"line-clamp-2\">Cadio-Thoracic Surgery</span></div></div><div class=\"tw-items-center tw-justify-center tw-space-x-4 tw-mt-7 tw-cursor-pointer sm:tw-hidden tw-flex\"><span class=\"tw-font-bold tw-uppercase tw-text-primary\">See more</span><i class=\"fa fa-chevron-down tw-font-bold tw-text-primary tw-duration-200 \"></i></div></div></div>','{}','active','2024-12-20 12:32:59','2024-12-20 12:32:59',NULL,10,50),(119,'dr. sithiphol','chinnapongse','-dr. sithiphol-chinnapongse-1734719580','1734719580-doctor.jpg',NULL,NULL,NULL,NULL,NULL,NULL,NULL,'male',NULL,NULL,'<div class=\"tw-flex tw-flex-col md:tw-space-y-12 sm:tw-space-y-10 tw-space-y-9 sm:tw-my-14 tw-my-10\"><div id=\"doctor-list\" class=\"tw-relative md:tw-rounded-3xl tw-rounded-xl md:tw-p-9 md:!tw-pt-20 sm:tw-p-6 sm:!tw-pt-14 tw-p-4 !tw-pt-12 education-wrapper\"><div class=\"tw-absolute tw-bg-bgh-white tw-top-0 tw-left-0 md:tw-skew-x-[-32deg] tw-skew-x-[-24deg] md:tw-pr-8 tw-pr-4 md:tw-rounded-br-xl tw-rounded-br-lg\"><h3 class=\"tw-capitalize md:tw-skew-x-[32deg] tw-skew-x-[24deg] md:tw-p-4 md:!tw-pr-0 tw-p-3 tw-bg-bgh-white tw-relative inverted-border-radius\">Education</h3></div><div class=\"tw-grid sm:tw-grid-cols-5 sm:tw-gap-6 tw-gap-1 tw-mt-6\"><h5 class=\"tw-text-primary tw-text-xl\">2016</h5><span class=\"tw-col-span-2 tw-text-lg tw-font-bold tw-text-primary\">Master of Business Administration (Executive), Sasin Graduate Institute of Business Administration</span><span class=\"tw-col-span-2\">Chulalongkorn University, Thailand</span></div><div class=\"tw-grid sm:tw-grid-cols-5 sm:tw-gap-6 tw-gap-1 tw-mt-6\"><h5 class=\"tw-text-primary tw-text-xl\">2003</h5><span class=\"tw-col-span-2 tw-text-lg tw-font-bold tw-text-primary\">Internal Medicine</span><span class=\"tw-col-span-2\">Thai Medical Council, Thailand</span></div><div class=\"tw-grid sm:tw-grid-cols-5 sm:tw-gap-6 tw-gap-1 tw-mt-6\"><h5 class=\"tw-text-primary tw-text-xl\">2002</h5><span class=\"tw-col-span-2 tw-text-lg tw-font-bold tw-text-primary\">Endocrinology and Metabolism</span><span class=\"tw-col-span-2\">University of California at San Diego (UCSD), United States</span></div><div class=\"tw-grid sm:tw-grid-cols-5 sm:tw-gap-6 tw-gap-1 tw-mt-6\"><h5 class=\"tw-text-primary tw-text-xl\">1997</h5><span class=\"tw-col-span-2 tw-text-lg tw-font-bold tw-text-primary\">Internal Medicine</span><span class=\"tw-col-span-2\">American Board of Internal Medicine, United States</span></div><div class=\"tw-grid sm:tw-grid-cols-5 sm:tw-gap-6 tw-gap-1 tw-mt-6\"><h5 class=\"tw-text-primary tw-text-xl\">1989</h5><span class=\"tw-col-span-2 tw-text-lg tw-font-bold tw-text-primary\">Doctor of Medicine</span><span class=\"tw-col-span-2\">Cebu Doctors College of Medicine, Philippines</span></div></div><div id=\"doctor-list\" class=\"tw-relative md:tw-rounded-3xl tw-rounded-xl md:tw-p-9 md:!tw-pt-20 sm:tw-p-6 sm:!tw-pt-14 tw-p-4 !tw-pt-12 education-wrapper\"><div class=\"tw-absolute tw-bg-bgh-white tw-top-0 tw-left-0 md:tw-skew-x-[-32deg] tw-skew-x-[-24deg] md:tw-pr-8 tw-pr-4 md:tw-rounded-br-xl tw-rounded-br-lg\"><h3 class=\"tw-capitalize md:tw-skew-x-[32deg] tw-skew-x-[24deg] md:tw-p-4 md:!tw-pr-0 tw-p-3 tw-bg-bgh-white tw-relative inverted-border-radius\">Certificates</h3></div><div class=\"tw-grid sm:tw-grid-cols-5 sm:tw-gap-6 tw-gap-1 tw-mt-6\"><h5 class=\"tw-text-primary tw-text-xl\">2019</h5><span class=\"tw-col-span-2 tw-text-lg tw-font-bold tw-text-primary\">Medical Education CSII &amp; CGMS Training : Minimed 630g Insulin Pump System iPro2 Professional CGM</span><span class=\"tw-col-span-2\">Medtronic, Thailand</span></div></div></div>','{}','active','2024-12-20 12:33:00','2024-12-20 12:33:00',NULL,10,23),(120,'dr. ekkit','surakarn','-dr. ekkit-surakarn-1734719582','1734719582-doctor.jpg',NULL,NULL,NULL,NULL,NULL,NULL,NULL,'male',NULL,NULL,'<div class=\"tw-container\"><div class=\"tw-relative sm:tw-py-12 tw-pb-10 tw-pt-6 tw-flex sm:tw-flex-row tw-flex-col sm:tw-items-start tw-items-center sm:tw-space-y-0 tw-space-y-7\"><h3 class=\"animated-underline tw-flex-none md-br ltr:md:tw-mr-24 ltr:sm:tw-mr-16 rtl:md:tw-ml-24 rtl:sm:tw-ml-16\">Treatments &amp;<br class=\"sm:tw-block tw-hidden\"> Services</h3><div class=\"tw-w-full sm:tw-grid tw-grid-cols-2 md:tw-gap-4 sm:tw-gap-3 md:tw-grid-cols-3\"><div class=\"tw-shadow-main-blue-light tw-rounded-md tw-capitalize tw-font-bold tw-bg-white sm:tw-scale-y-100 sm:tw-opacity-100 sm:tw-h-auto tw-origin-top tw-duration-200 tw-flex tw-items-center sm:tw-px-4 md:tw-py-5 sm:tw-py-4 sm:tw-mt-0 tw-mt-3 tw-px-4 tw-py-3 sm:tw-mt-0 tw-mt-3 tw-px-4 tw-py-3\"><span class=\"line-clamp-2\">Trauma Surgery</span></div><div class=\"tw-shadow-main-blue-light tw-rounded-md tw-capitalize tw-font-bold tw-bg-white sm:tw-scale-y-100 sm:tw-opacity-100 sm:tw-h-auto tw-origin-top tw-duration-200 tw-flex tw-items-center sm:tw-px-4 md:tw-py-5 sm:tw-py-4 sm:tw-mt-0 tw-mt-3 tw-px-4 tw-py-3 sm:tw-mt-0 tw-mt-3 tw-px-4 tw-py-3\"><span class=\"line-clamp-2\">Surgical Emergency</span></div><div class=\"tw-shadow-main-blue-light tw-rounded-md tw-capitalize tw-font-bold tw-bg-white sm:tw-scale-y-100 sm:tw-opacity-100 sm:tw-h-auto tw-origin-top tw-duration-200 tw-flex tw-items-center sm:tw-px-4 md:tw-py-5 sm:tw-py-4 sm:tw-mt-0 tw-mt-3 tw-px-4 tw-py-3 sm:tw-mt-0 tw-mt-3 tw-px-4 tw-py-3\"><span class=\"line-clamp-2\">Air Transport</span></div></div><div class=\"tw-items-center tw-justify-center tw-space-x-4 tw-mt-7 tw-cursor-pointer tw-hidden\"><span class=\"tw-font-bold tw-uppercase tw-text-primary\">See more</span><i class=\"fa fa-chevron-down tw-font-bold tw-text-primary tw-duration-200 \"></i></div></div></div>','{}','active','2024-12-20 12:33:02','2024-12-20 12:33:02',NULL,10,51),(121,'prof. dr. somboon','kunathikom','-prof. dr. somboon-kunathikom-1734719584','1734719584-doctor.jpg',NULL,NULL,NULL,NULL,NULL,NULL,NULL,'male',NULL,NULL,'<div class=\"tw-container\"><div class=\"tw-relative sm:tw-py-12 tw-pb-10 tw-pt-6 tw-flex sm:tw-flex-row tw-flex-col sm:tw-items-start tw-items-center sm:tw-space-y-0 tw-space-y-7\"><h3 class=\"animated-underline tw-flex-none md-br ltr:md:tw-mr-24 ltr:sm:tw-mr-16 rtl:md:tw-ml-24 rtl:sm:tw-ml-16\">Treatments &amp;<br class=\"sm:tw-block tw-hidden\"> Services</h3><div class=\"tw-w-full sm:tw-grid tw-grid-cols-2 md:tw-gap-4 sm:tw-gap-3 md:tw-grid-cols-3\"><div class=\"tw-shadow-main-blue-light tw-rounded-md tw-capitalize tw-font-bold tw-bg-white sm:tw-scale-y-100 sm:tw-opacity-100 sm:tw-h-auto tw-origin-top tw-duration-200 tw-flex tw-items-center sm:tw-px-4 md:tw-py-5 sm:tw-py-4 sm:tw-mt-0 tw-mt-3 tw-px-4 tw-py-3 sm:tw-mt-0 tw-mt-3 tw-px-4 tw-py-3\"><span class=\"line-clamp-2\">IVF Procedure</span></div><div class=\"tw-shadow-main-blue-light tw-rounded-md tw-capitalize tw-font-bold tw-bg-white sm:tw-scale-y-100 sm:tw-opacity-100 sm:tw-h-auto tw-origin-top tw-duration-200 tw-flex tw-items-center sm:tw-px-4 md:tw-py-5 sm:tw-py-4 sm:tw-mt-0 tw-mt-3 tw-px-4 tw-py-3 sm:tw-mt-0 tw-mt-3 tw-px-4 tw-py-3\"><span class=\"line-clamp-2\">ICSI Procedure</span></div><div class=\"tw-shadow-main-blue-light tw-rounded-md tw-capitalize tw-font-bold tw-bg-white sm:tw-scale-y-100 sm:tw-opacity-100 sm:tw-h-auto tw-origin-top tw-duration-200 tw-flex tw-items-center sm:tw-px-4 md:tw-py-5 sm:tw-py-4 sm:tw-mt-0 tw-mt-3 tw-px-4 tw-py-3 sm:tw-mt-0 tw-mt-3 tw-px-4 tw-py-3\"><span class=\"line-clamp-2\">Genetic or chromosomes testing</span></div><div class=\"tw-shadow-main-blue-light tw-rounded-md tw-capitalize tw-font-bold tw-bg-white sm:tw-scale-y-100 sm:tw-opacity-100 sm:tw-h-auto tw-origin-top tw-duration-200 tw-flex tw-items-center sm:tw-px-4 md:tw-py-5 sm:tw-py-4 sm:tw-mt-0 tw-mt-3 tw-px-4 tw-py-3 sm:tw-mt-0 tw-mt-3 tw-px-4 tw-py-3\"><span class=\"line-clamp-2\">Reproductive medicine</span></div><div class=\"tw-shadow-main-blue-light tw-rounded-md tw-capitalize tw-font-bold tw-bg-white sm:tw-scale-y-100 sm:tw-opacity-100 sm:tw-h-auto tw-origin-top tw-duration-200 tw-flex tw-items-center sm:tw-px-4 md:tw-py-5 sm:tw-py-4 sm:tw-mt-0 tw-mt-3 tw-px-4 tw-py-3 sm:tw-mt-0 tw-mt-3 tw-px-4 tw-py-3\"><span class=\"line-clamp-2\">Women\'s internal medicine</span></div><div class=\"tw-shadow-main-blue-light tw-rounded-md tw-capitalize tw-font-bold tw-bg-white sm:tw-scale-y-100 sm:tw-opacity-100 sm:tw-h-auto tw-origin-top tw-duration-200 tw-flex tw-items-center sm:tw-px-4 md:tw-py-5 sm:tw-py-4 sm:tw-mt-0 tw-mt-3 tw-px-4 tw-py-3 sm:tw-mt-0 tw-mt-3 tw-px-4 tw-py-3\"><span class=\"line-clamp-2\">Pregnancy care</span></div><div class=\"tw-shadow-main-blue-light tw-rounded-md tw-capitalize tw-font-bold tw-bg-white sm:tw-scale-y-100 sm:tw-opacity-100 sm:tw-h-auto tw-origin-top tw-duration-200 tw-flex tw-items-center sm:tw-px-4 md:tw-py-5 sm:tw-py-4 sm:tw-mt-0 tw-mt-3 tw-px-4 tw-py-3 sm:tw-mt-0 tw-mt-3 tw-px-4 tw-py-3\"><span class=\"line-clamp-2\">Treatment for women\'s health</span></div></div><div class=\"tw-items-center tw-justify-center tw-space-x-4 tw-mt-7 tw-cursor-pointer tw-hidden\"><span class=\"tw-font-bold tw-uppercase tw-text-primary\">See more</span><i class=\"fa fa-chevron-down tw-font-bold tw-text-primary tw-duration-200 \"></i></div></div></div>','{}','active','2024-12-20 12:33:04','2024-12-20 12:33:04',NULL,10,1),(122,'dr. kanchana','sermswan','-dr. kanchana-sermswan-1734719585','1734719585-doctor.jpg',NULL,NULL,NULL,NULL,NULL,NULL,NULL,'male',NULL,NULL,'<div class=\"tw-flex tw-flex-col md:tw-space-y-12 sm:tw-space-y-10 tw-space-y-9 sm:tw-my-14 tw-my-10\"><div id=\"doctor-list\" class=\"tw-relative md:tw-rounded-3xl tw-rounded-xl md:tw-p-9 md:!tw-pt-20 sm:tw-p-6 sm:!tw-pt-14 tw-p-4 !tw-pt-12 education-wrapper\"><div class=\"tw-absolute tw-bg-bgh-white tw-top-0 tw-left-0 md:tw-skew-x-[-32deg] tw-skew-x-[-24deg] md:tw-pr-8 tw-pr-4 md:tw-rounded-br-xl tw-rounded-br-lg\"><h3 class=\"tw-capitalize md:tw-skew-x-[32deg] tw-skew-x-[24deg] md:tw-p-4 md:!tw-pr-0 tw-p-3 tw-bg-bgh-white tw-relative inverted-border-radius\">Education</h3></div><div class=\"tw-grid sm:tw-grid-cols-5 sm:tw-gap-6 tw-gap-1 tw-mt-6\"><h5 class=\"tw-text-primary tw-text-xl\">1992</h5><span class=\"tw-col-span-2 tw-text-lg tw-font-bold tw-text-primary\">Dermatology</span><span class=\"tw-col-span-2\">Siriraj Hospital, Thailand</span></div><div class=\"tw-grid sm:tw-grid-cols-5 sm:tw-gap-6 tw-gap-1 tw-mt-6\"><h5 class=\"tw-text-primary tw-text-xl\">1986</h5><span class=\"tw-col-span-2 tw-text-lg tw-font-bold tw-text-primary\">Doctor of Medicine</span><span class=\"tw-col-span-2\">Siriraj Hospital, Mahidol University, Thailand</span></div></div></div>','{}','active','2024-12-20 12:33:05','2024-12-20 12:33:05',NULL,10,13),(123,'dr. chattanong','yodwut','-dr. chattanong-yodwut-1734719586','1734719586-doctor.jpg',NULL,NULL,NULL,NULL,NULL,NULL,NULL,'male',NULL,NULL,'<div class=\"tw-container\"><div class=\"tw-relative sm:tw-py-12 tw-pb-10 tw-pt-6 tw-flex sm:tw-flex-row tw-flex-col sm:tw-items-start tw-items-center sm:tw-space-y-0 tw-space-y-7\"><h3 class=\"animated-underline tw-flex-none md-br ltr:md:tw-mr-24 ltr:sm:tw-mr-16 rtl:md:tw-ml-24 rtl:sm:tw-ml-16\">Treatments &amp;<br class=\"sm:tw-block tw-hidden\"> Services</h3><div class=\"tw-w-full sm:tw-grid tw-grid-cols-2 md:tw-gap-4 sm:tw-gap-3 md:tw-grid-cols-3\"><div class=\"tw-shadow-main-blue-light tw-rounded-md tw-capitalize tw-font-bold tw-bg-white sm:tw-scale-y-100 sm:tw-opacity-100 sm:tw-h-auto tw-origin-top tw-duration-200 tw-flex tw-items-center sm:tw-px-4 md:tw-py-5 sm:tw-py-4 sm:tw-mt-0 tw-mt-3 tw-px-4 tw-py-3 sm:tw-mt-0 tw-mt-3 tw-px-4 tw-py-3\"><span class=\"line-clamp-2\">Advanced imaging technology</span></div><div class=\"tw-shadow-main-blue-light tw-rounded-md tw-capitalize tw-font-bold tw-bg-white sm:tw-scale-y-100 sm:tw-opacity-100 sm:tw-h-auto tw-origin-top tw-duration-200 tw-flex tw-items-center sm:tw-px-4 md:tw-py-5 sm:tw-py-4 sm:tw-mt-0 tw-mt-3 tw-px-4 tw-py-3 sm:tw-mt-0 tw-mt-3 tw-px-4 tw-py-3\"><span class=\"line-clamp-2\">Sport cardiology </span></div><div class=\"tw-shadow-main-blue-light tw-rounded-md tw-capitalize tw-font-bold tw-bg-white sm:tw-scale-y-100 sm:tw-opacity-100 sm:tw-h-auto tw-origin-top tw-duration-200 tw-flex tw-items-center sm:tw-px-4 md:tw-py-5 sm:tw-py-4 sm:tw-mt-0 tw-mt-3 tw-px-4 tw-py-3 sm:tw-mt-0 tw-mt-3 tw-px-4 tw-py-3\"><span class=\"line-clamp-2\">Cardiology </span></div><div class=\"tw-shadow-main-blue-light tw-rounded-md tw-capitalize tw-font-bold tw-bg-white sm:tw-scale-y-100 sm:tw-opacity-100 sm:tw-h-auto tw-origin-top tw-duration-200 tw-flex tw-items-center sm:tw-px-4 md:tw-py-5 sm:tw-py-4 sm:tw-mt-0 tw-mt-3 tw-px-4 tw-py-3 sm:tw-mt-0 tw-mt-3 tw-px-4 tw-py-3\"><span class=\"line-clamp-2\">Preventive cardiology</span></div><div class=\"tw-shadow-main-blue-light tw-rounded-md tw-capitalize tw-font-bold tw-bg-white sm:tw-scale-y-100 sm:tw-opacity-100 sm:tw-h-auto tw-origin-top tw-duration-200 tw-flex tw-items-center sm:tw-px-4 md:tw-py-5 sm:tw-py-4 sm:tw-mt-0 tw-mt-3 tw-px-4 tw-py-3 sm:tw-mt-0 tw-mt-3 tw-px-4 tw-py-3\"><span class=\"line-clamp-2\">Heart screening</span></div><div class=\"tw-shadow-main-blue-light tw-rounded-md tw-capitalize tw-font-bold tw-bg-white sm:tw-scale-y-100 sm:tw-opacity-100 sm:tw-h-auto tw-origin-top tw-duration-200 tw-flex tw-items-center sm:tw-px-4 md:tw-py-5 sm:tw-py-4 sm:tw-mt-0 tw-mt-3 tw-px-4 tw-py-3 sm:tw-mt-0 tw-mt-3 tw-px-4 tw-py-3\"><span class=\"line-clamp-2\">Coronary calcium scan</span></div><div class=\"tw-shadow-main-blue-light tw-rounded-md tw-capitalize tw-font-bold tw-bg-white sm:tw-scale-y-100 sm:tw-opacity-100 sm:tw-h-auto tw-origin-top tw-duration-200 tw-flex tw-items-center sm:tw-px-4 md:tw-py-5 sm:tw-py-4 sm:tw-mt-0 tw-mt-3 tw-px-4 tw-py-3 sm:tw-mt-0 tw-mt-3 tw-px-4 tw-py-3\"><span class=\"line-clamp-2\">Cardiology</span></div><div class=\"tw-shadow-main-blue-light tw-rounded-md tw-capitalize tw-font-bold tw-bg-white sm:tw-scale-y-100 sm:tw-opacity-100 sm:tw-h-auto tw-origin-top tw-duration-200 tw-flex tw-items-center sm:tw-px-4 md:tw-py-5 sm:tw-py-4 sm:tw-mt-0 tw-mt-3 tw-px-4 tw-py-3 sm:tw-mt-0 tw-mt-3 tw-px-4 tw-py-3\"><span class=\"line-clamp-2\">Coronary Artery Disease</span></div><div class=\"tw-shadow-main-blue-light tw-rounded-md tw-capitalize tw-font-bold tw-bg-white sm:tw-scale-y-100 sm:tw-opacity-100 sm:tw-h-auto tw-origin-top tw-duration-200 tw-flex tw-items-center sm:tw-px-4 md:tw-py-5 sm:tw-py-4 sm:tw-mt-0 tw-mt-3 tw-px-4 tw-py-3 max-sm:tw-scale-y-0 max-sm:tw-opacity-0 max-sm:tw-h-0 max-sm:!tw-m-0 max-sm:!tw-p-0\"><span class=\"line-clamp-2\">Preventive Cardiology</span></div><div class=\"tw-shadow-main-blue-light tw-rounded-md tw-capitalize tw-font-bold tw-bg-white sm:tw-scale-y-100 sm:tw-opacity-100 sm:tw-h-auto tw-origin-top tw-duration-200 tw-flex tw-items-center sm:tw-px-4 md:tw-py-5 sm:tw-py-4 sm:tw-mt-0 tw-mt-3 tw-px-4 tw-py-3 max-sm:tw-scale-y-0 max-sm:tw-opacity-0 max-sm:tw-h-0 max-sm:!tw-m-0 max-sm:!tw-p-0\"><span class=\"line-clamp-2\">Sport Cardiology</span></div><div class=\"tw-shadow-main-blue-light tw-rounded-md tw-capitalize tw-font-bold tw-bg-white sm:tw-scale-y-100 sm:tw-opacity-100 sm:tw-h-auto tw-origin-top tw-duration-200 tw-flex tw-items-center sm:tw-px-4 md:tw-py-5 sm:tw-py-4 sm:tw-mt-0 tw-mt-3 tw-px-4 tw-py-3 max-sm:tw-scale-y-0 max-sm:tw-opacity-0 max-sm:tw-h-0 max-sm:!tw-m-0 max-sm:!tw-p-0\"><span class=\"line-clamp-2\">Echocardiography &amp; 3-D Echocardiography</span></div></div><div class=\"tw-items-center tw-justify-center tw-space-x-4 tw-mt-7 tw-cursor-pointer sm:tw-hidden tw-flex\"><span class=\"tw-font-bold tw-uppercase tw-text-primary\">See more</span><i class=\"fa fa-chevron-down tw-font-bold tw-text-primary tw-duration-200 \"></i></div></div></div>','{}','active','2024-12-20 12:33:06','2024-12-20 12:33:06',NULL,10,1),(124,'prof. dr. tanaphon','maipang','-prof. dr. tanaphon-maipang-1734719588','1734719588-doctor.jpg',NULL,NULL,NULL,NULL,NULL,NULL,NULL,'male',NULL,NULL,'<div class=\"tw-flex tw-flex-col md:tw-space-y-12 sm:tw-space-y-10 tw-space-y-9 sm:tw-my-14 tw-my-10\"><div id=\"doctor-list\" class=\"tw-relative md:tw-rounded-3xl tw-rounded-xl md:tw-p-9 md:!tw-pt-20 sm:tw-p-6 sm:!tw-pt-14 tw-p-4 !tw-pt-12 education-wrapper\"><div class=\"tw-absolute tw-bg-bgh-white tw-top-0 tw-left-0 md:tw-skew-x-[-32deg] tw-skew-x-[-24deg] md:tw-pr-8 tw-pr-4 md:tw-rounded-br-xl tw-rounded-br-lg\"><h3 class=\"tw-capitalize md:tw-skew-x-[32deg] tw-skew-x-[24deg] md:tw-p-4 md:!tw-pr-0 tw-p-3 tw-bg-bgh-white tw-relative inverted-border-radius\">Education</h3></div><div class=\"tw-grid sm:tw-grid-cols-5 sm:tw-gap-6 tw-gap-1 tw-mt-6\"><h5 class=\"tw-text-primary tw-text-xl\">2006</h5><span class=\"tw-col-span-2 tw-text-lg tw-font-bold tw-text-primary\">Colon and Rectal Surgery</span><span class=\"tw-col-span-2\">Thai Medical Council, Thailand</span></div><div class=\"tw-grid sm:tw-grid-cols-5 sm:tw-gap-6 tw-gap-1 tw-mt-6\"><h5 class=\"tw-text-primary tw-text-xl\">2005</h5><span class=\"tw-col-span-2 tw-text-lg tw-font-bold tw-text-primary\">Surgical Oncology</span><span class=\"tw-col-span-2\">Thai Medical Council, Thailand</span></div><div class=\"tw-grid sm:tw-grid-cols-5 sm:tw-gap-6 tw-gap-1 tw-mt-6\"><h5 class=\"tw-text-primary tw-text-xl\">1980</h5><span class=\"tw-col-span-2 tw-text-lg tw-font-bold tw-text-primary\">Surgery</span><span class=\"tw-col-span-2\">Siriraj Hospital, Thailand</span></div><div class=\"tw-grid sm:tw-grid-cols-5 sm:tw-gap-6 tw-gap-1 tw-mt-6\"><h5 class=\"tw-text-primary tw-text-xl\">1976</h5><span class=\"tw-col-span-2 tw-text-lg tw-font-bold tw-text-primary\">Doctor of Medicine</span><span class=\"tw-col-span-2\">Siriraj Hospital, Mahidol University, Thailand</span></div></div></div>','{}','active','2024-12-20 12:33:08','2024-12-20 12:33:08',NULL,10,7),(125,'dr. papakorn','mingmitpattanakul','-dr. papakorn-mingmitpattanakul-1734719589','1734719589-doctor.jpg',NULL,NULL,NULL,NULL,NULL,NULL,NULL,'male',NULL,NULL,'<div class=\"tw-container\"><div class=\"tw-relative sm:tw-py-12 tw-pb-10 tw-pt-6 tw-flex sm:tw-flex-row tw-flex-col sm:tw-items-start tw-items-center sm:tw-space-y-0 tw-space-y-7\"><h3 class=\"animated-underline tw-flex-none md-br ltr:md:tw-mr-24 ltr:sm:tw-mr-16 rtl:md:tw-ml-24 rtl:sm:tw-ml-16\">Treatments &amp;<br class=\"sm:tw-block tw-hidden\"> Services</h3><div class=\"tw-w-full sm:tw-grid tw-grid-cols-2 md:tw-gap-4 sm:tw-gap-3 md:tw-grid-cols-3\"><div class=\"tw-shadow-main-blue-light tw-rounded-md tw-capitalize tw-font-bold tw-bg-white sm:tw-scale-y-100 sm:tw-opacity-100 sm:tw-h-auto tw-origin-top tw-duration-200 tw-flex tw-items-center sm:tw-px-4 md:tw-py-5 sm:tw-py-4 sm:tw-mt-0 tw-mt-3 tw-px-4 tw-py-3 sm:tw-mt-0 tw-mt-3 tw-px-4 tw-py-3\"><span class=\"line-clamp-2\">Reproductive medicine consulation</span></div><div class=\"tw-shadow-main-blue-light tw-rounded-md tw-capitalize tw-font-bold tw-bg-white sm:tw-scale-y-100 sm:tw-opacity-100 sm:tw-h-auto tw-origin-top tw-duration-200 tw-flex tw-items-center sm:tw-px-4 md:tw-py-5 sm:tw-py-4 sm:tw-mt-0 tw-mt-3 tw-px-4 tw-py-3 sm:tw-mt-0 tw-mt-3 tw-px-4 tw-py-3\"><span class=\"line-clamp-2\">ICSI Procedure</span></div><div class=\"tw-shadow-main-blue-light tw-rounded-md tw-capitalize tw-font-bold tw-bg-white sm:tw-scale-y-100 sm:tw-opacity-100 sm:tw-h-auto tw-origin-top tw-duration-200 tw-flex tw-items-center sm:tw-px-4 md:tw-py-5 sm:tw-py-4 sm:tw-mt-0 tw-mt-3 tw-px-4 tw-py-3 sm:tw-mt-0 tw-mt-3 tw-px-4 tw-py-3\"><span class=\"line-clamp-2\">IVF Procedure</span></div><div class=\"tw-shadow-main-blue-light tw-rounded-md tw-capitalize tw-font-bold tw-bg-white sm:tw-scale-y-100 sm:tw-opacity-100 sm:tw-h-auto tw-origin-top tw-duration-200 tw-flex tw-items-center sm:tw-px-4 md:tw-py-5 sm:tw-py-4 sm:tw-mt-0 tw-mt-3 tw-px-4 tw-py-3 sm:tw-mt-0 tw-mt-3 tw-px-4 tw-py-3\"><span class=\"line-clamp-2\">Egg-retrival procedure</span></div><div class=\"tw-shadow-main-blue-light tw-rounded-md tw-capitalize tw-font-bold tw-bg-white sm:tw-scale-y-100 sm:tw-opacity-100 sm:tw-h-auto tw-origin-top tw-duration-200 tw-flex tw-items-center sm:tw-px-4 md:tw-py-5 sm:tw-py-4 sm:tw-mt-0 tw-mt-3 tw-px-4 tw-py-3 sm:tw-mt-0 tw-mt-3 tw-px-4 tw-py-3\"><span class=\"line-clamp-2\">Laparoscopic surgery</span></div><div class=\"tw-shadow-main-blue-light tw-rounded-md tw-capitalize tw-font-bold tw-bg-white sm:tw-scale-y-100 sm:tw-opacity-100 sm:tw-h-auto tw-origin-top tw-duration-200 tw-flex tw-items-center sm:tw-px-4 md:tw-py-5 sm:tw-py-4 sm:tw-mt-0 tw-mt-3 tw-px-4 tw-py-3 sm:tw-mt-0 tw-mt-3 tw-px-4 tw-py-3\"><span class=\"line-clamp-2\">Pregnancy care</span></div><div class=\"tw-shadow-main-blue-light tw-rounded-md tw-capitalize tw-font-bold tw-bg-white sm:tw-scale-y-100 sm:tw-opacity-100 sm:tw-h-auto tw-origin-top tw-duration-200 tw-flex tw-items-center sm:tw-px-4 md:tw-py-5 sm:tw-py-4 sm:tw-mt-0 tw-mt-3 tw-px-4 tw-py-3 sm:tw-mt-0 tw-mt-3 tw-px-4 tw-py-3\"><span class=\"line-clamp-2\">Women\'s internal medicine</span></div><div class=\"tw-shadow-main-blue-light tw-rounded-md tw-capitalize tw-font-bold tw-bg-white sm:tw-scale-y-100 sm:tw-opacity-100 sm:tw-h-auto tw-origin-top tw-duration-200 tw-flex tw-items-center sm:tw-px-4 md:tw-py-5 sm:tw-py-4 sm:tw-mt-0 tw-mt-3 tw-px-4 tw-py-3 sm:tw-mt-0 tw-mt-3 tw-px-4 tw-py-3\"><span class=\"line-clamp-2\">High-risk pregnancy care</span></div><div class=\"tw-shadow-main-blue-light tw-rounded-md tw-capitalize tw-font-bold tw-bg-white sm:tw-scale-y-100 sm:tw-opacity-100 sm:tw-h-auto tw-origin-top tw-duration-200 tw-flex tw-items-center sm:tw-px-4 md:tw-py-5 sm:tw-py-4 sm:tw-mt-0 tw-mt-3 tw-px-4 tw-py-3 max-sm:tw-scale-y-0 max-sm:tw-opacity-0 max-sm:tw-h-0 max-sm:!tw-m-0 max-sm:!tw-p-0\"><span class=\"line-clamp-2\">Treatment for complex women\'s disorders</span></div></div><div class=\"tw-items-center tw-justify-center tw-space-x-4 tw-mt-7 tw-cursor-pointer sm:tw-hidden tw-flex\"><span class=\"tw-font-bold tw-uppercase tw-text-primary\">See more</span><i class=\"fa fa-chevron-down tw-font-bold tw-text-primary tw-duration-200 \"></i></div></div></div>','{}','active','2024-12-20 12:33:09','2024-12-20 12:33:09',NULL,10,1),(126,'cdr. dr. pornthep','mamanee','-cdr. dr. pornthep-mamanee-1734719590','1734719590-doctor.jpg',NULL,NULL,NULL,NULL,NULL,NULL,NULL,'male',NULL,NULL,'<div class=\"tw-container\"><div class=\"tw-relative sm:tw-py-12 tw-pb-10 tw-pt-6 tw-flex sm:tw-flex-row tw-flex-col sm:tw-items-start tw-items-center sm:tw-space-y-0 tw-space-y-7\"><h3 class=\"animated-underline tw-flex-none md-br ltr:md:tw-mr-24 ltr:sm:tw-mr-16 rtl:md:tw-ml-24 rtl:sm:tw-ml-16\">Treatments &amp;<br class=\"sm:tw-block tw-hidden\"> Services</h3><div class=\"tw-w-full sm:tw-grid tw-grid-cols-2 md:tw-gap-4 sm:tw-gap-3 md:tw-grid-cols-3\"><div class=\"tw-shadow-main-blue-light tw-rounded-md tw-capitalize tw-font-bold tw-bg-white sm:tw-scale-y-100 sm:tw-opacity-100 sm:tw-h-auto tw-origin-top tw-duration-200 tw-flex tw-items-center sm:tw-px-4 md:tw-py-5 sm:tw-py-4 sm:tw-mt-0 tw-mt-3 tw-px-4 tw-py-3 sm:tw-mt-0 tw-mt-3 tw-px-4 tw-py-3\"><span class=\"line-clamp-2\">Football injuries treatment</span></div><div class=\"tw-shadow-main-blue-light tw-rounded-md tw-capitalize tw-font-bold tw-bg-white sm:tw-scale-y-100 sm:tw-opacity-100 sm:tw-h-auto tw-origin-top tw-duration-200 tw-flex tw-items-center sm:tw-px-4 md:tw-py-5 sm:tw-py-4 sm:tw-mt-0 tw-mt-3 tw-px-4 tw-py-3 sm:tw-mt-0 tw-mt-3 tw-px-4 tw-py-3\"><span class=\"line-clamp-2\">Arthroscopic ACL reconstruction</span></div><div class=\"tw-shadow-main-blue-light tw-rounded-md tw-capitalize tw-font-bold tw-bg-white sm:tw-scale-y-100 sm:tw-opacity-100 sm:tw-h-auto tw-origin-top tw-duration-200 tw-flex tw-items-center sm:tw-px-4 md:tw-py-5 sm:tw-py-4 sm:tw-mt-0 tw-mt-3 tw-px-4 tw-py-3 sm:tw-mt-0 tw-mt-3 tw-px-4 tw-py-3\"><span class=\"line-clamp-2\">Lateral extra-articular tenodesis</span></div><div class=\"tw-shadow-main-blue-light tw-rounded-md tw-capitalize tw-font-bold tw-bg-white sm:tw-scale-y-100 sm:tw-opacity-100 sm:tw-h-auto tw-origin-top tw-duration-200 tw-flex tw-items-center sm:tw-px-4 md:tw-py-5 sm:tw-py-4 sm:tw-mt-0 tw-mt-3 tw-px-4 tw-py-3 sm:tw-mt-0 tw-mt-3 tw-px-4 tw-py-3\"><span class=\"line-clamp-2\">Arthroscopic meniscus repair</span></div><div class=\"tw-shadow-main-blue-light tw-rounded-md tw-capitalize tw-font-bold tw-bg-white sm:tw-scale-y-100 sm:tw-opacity-100 sm:tw-h-auto tw-origin-top tw-duration-200 tw-flex tw-items-center sm:tw-px-4 md:tw-py-5 sm:tw-py-4 sm:tw-mt-0 tw-mt-3 tw-px-4 tw-py-3 sm:tw-mt-0 tw-mt-3 tw-px-4 tw-py-3\"><span class=\"line-clamp-2\">Arthroscopic cartilage restoration</span></div><div class=\"tw-shadow-main-blue-light tw-rounded-md tw-capitalize tw-font-bold tw-bg-white sm:tw-scale-y-100 sm:tw-opacity-100 sm:tw-h-auto tw-origin-top tw-duration-200 tw-flex tw-items-center sm:tw-px-4 md:tw-py-5 sm:tw-py-4 sm:tw-mt-0 tw-mt-3 tw-px-4 tw-py-3 sm:tw-mt-0 tw-mt-3 tw-px-4 tw-py-3\"><span class=\"line-clamp-2\">Arthroscopic rotator cuff repair</span></div><div class=\"tw-shadow-main-blue-light tw-rounded-md tw-capitalize tw-font-bold tw-bg-white sm:tw-scale-y-100 sm:tw-opacity-100 sm:tw-h-auto tw-origin-top tw-duration-200 tw-flex tw-items-center sm:tw-px-4 md:tw-py-5 sm:tw-py-4 sm:tw-mt-0 tw-mt-3 tw-px-4 tw-py-3 sm:tw-mt-0 tw-mt-3 tw-px-4 tw-py-3\"><span class=\"line-clamp-2\">Arthroscopic labrum repair</span></div><div class=\"tw-shadow-main-blue-light tw-rounded-md tw-capitalize tw-font-bold tw-bg-white sm:tw-scale-y-100 sm:tw-opacity-100 sm:tw-h-auto tw-origin-top tw-duration-200 tw-flex tw-items-center sm:tw-px-4 md:tw-py-5 sm:tw-py-4 sm:tw-mt-0 tw-mt-3 tw-px-4 tw-py-3 sm:tw-mt-0 tw-mt-3 tw-px-4 tw-py-3\"><span class=\"line-clamp-2\">Arthroscopic subacromial decompression</span></div><div class=\"tw-shadow-main-blue-light tw-rounded-md tw-capitalize tw-font-bold tw-bg-white sm:tw-scale-y-100 sm:tw-opacity-100 sm:tw-h-auto tw-origin-top tw-duration-200 tw-flex tw-items-center sm:tw-px-4 md:tw-py-5 sm:tw-py-4 sm:tw-mt-0 tw-mt-3 tw-px-4 tw-py-3 max-sm:tw-scale-y-0 max-sm:tw-opacity-0 max-sm:tw-h-0 max-sm:!tw-m-0 max-sm:!tw-p-0\"><span class=\"line-clamp-2\">Frozen shoulder treatment</span></div><div class=\"tw-shadow-main-blue-light tw-rounded-md tw-capitalize tw-font-bold tw-bg-white sm:tw-scale-y-100 sm:tw-opacity-100 sm:tw-h-auto tw-origin-top tw-duration-200 tw-flex tw-items-center sm:tw-px-4 md:tw-py-5 sm:tw-py-4 sm:tw-mt-0 tw-mt-3 tw-px-4 tw-py-3 max-sm:tw-scale-y-0 max-sm:tw-opacity-0 max-sm:tw-h-0 max-sm:!tw-m-0 max-sm:!tw-p-0\"><span class=\"line-clamp-2\">Arthroscopic hip surgery</span></div><div class=\"tw-shadow-main-blue-light tw-rounded-md tw-capitalize tw-font-bold tw-bg-white sm:tw-scale-y-100 sm:tw-opacity-100 sm:tw-h-auto tw-origin-top tw-duration-200 tw-flex tw-items-center sm:tw-px-4 md:tw-py-5 sm:tw-py-4 sm:tw-mt-0 tw-mt-3 tw-px-4 tw-py-3 max-sm:tw-scale-y-0 max-sm:tw-opacity-0 max-sm:tw-h-0 max-sm:!tw-m-0 max-sm:!tw-p-0\"><span class=\"line-clamp-2\">Hamstring Injury</span></div><div class=\"tw-shadow-main-blue-light tw-rounded-md tw-capitalize tw-font-bold tw-bg-white sm:tw-scale-y-100 sm:tw-opacity-100 sm:tw-h-auto tw-origin-top tw-duration-200 tw-flex tw-items-center sm:tw-px-4 md:tw-py-5 sm:tw-py-4 sm:tw-mt-0 tw-mt-3 tw-px-4 tw-py-3 max-sm:tw-scale-y-0 max-sm:tw-opacity-0 max-sm:tw-h-0 max-sm:!tw-m-0 max-sm:!tw-p-0\"><span class=\"line-clamp-2\">\"Running Injury Marathon Injury</span></div></div><div class=\"tw-items-center tw-justify-center tw-space-x-4 tw-mt-7 tw-cursor-pointer sm:tw-hidden tw-flex\"><span class=\"tw-font-bold tw-uppercase tw-text-primary\">See more</span><i class=\"fa fa-chevron-down tw-font-bold tw-text-primary tw-duration-200 \"></i></div></div></div>','{}','active','2024-12-20 12:33:10','2024-12-20 12:33:10',NULL,10,1),(127,'dr. pannida','wattanapanom','-dr. pannida-wattanapanom-1734719592','1734719592-doctor.jpg',NULL,NULL,NULL,NULL,NULL,NULL,NULL,'male',NULL,NULL,'<div class=\"tw-flex tw-flex-col md:tw-space-y-12 sm:tw-space-y-10 tw-space-y-9 sm:tw-my-14 tw-my-10\"><div id=\"doctor-list\" class=\"tw-relative md:tw-rounded-3xl tw-rounded-xl md:tw-p-9 md:!tw-pt-20 sm:tw-p-6 sm:!tw-pt-14 tw-p-4 !tw-pt-12 education-wrapper\"><div class=\"tw-absolute tw-bg-bgh-white tw-top-0 tw-left-0 md:tw-skew-x-[-32deg] tw-skew-x-[-24deg] md:tw-pr-8 tw-pr-4 md:tw-rounded-br-xl tw-rounded-br-lg\"><h3 class=\"tw-capitalize md:tw-skew-x-[32deg] tw-skew-x-[24deg] md:tw-p-4 md:!tw-pr-0 tw-p-3 tw-bg-bgh-white tw-relative inverted-border-radius\">Education</h3></div><div class=\"tw-grid sm:tw-grid-cols-5 sm:tw-gap-6 tw-gap-1 tw-mt-6\"><h5 class=\"tw-text-primary tw-text-xl\">2014</h5><span class=\"tw-col-span-2 tw-text-lg tw-font-bold tw-text-primary\">Master of Business Administration (Executive), Sasin Graduate Institute of Business Administration</span><span class=\"tw-col-span-2\">Chulalongkorn University, Thailand</span></div><div class=\"tw-grid sm:tw-grid-cols-5 sm:tw-gap-6 tw-gap-1 tw-mt-6\"><h5 class=\"tw-text-primary tw-text-xl\">2013</h5><span class=\"tw-col-span-2 tw-text-lg tw-font-bold tw-text-primary\">Internal Medicine</span><span class=\"tw-col-span-2\">Albert Einstein Medical Center, United States</span></div><div class=\"tw-grid sm:tw-grid-cols-5 sm:tw-gap-6 tw-gap-1 tw-mt-6\"><h5 class=\"tw-text-primary tw-text-xl\">2012</h5><span class=\"tw-col-span-2 tw-text-lg tw-font-bold tw-text-primary\">Internal Medicine</span><span class=\"tw-col-span-2\">Thai Medical Council, Thailand</span></div><div class=\"tw-grid sm:tw-grid-cols-5 sm:tw-gap-6 tw-gap-1 tw-mt-6\"><h5 class=\"tw-text-primary tw-text-xl\">2011</h5><span class=\"tw-col-span-2 tw-text-lg tw-font-bold tw-text-primary\">Geriatric Medicine</span><span class=\"tw-col-span-2\">American Board of Internal Medicine, United States</span></div><div class=\"tw-grid sm:tw-grid-cols-5 sm:tw-gap-6 tw-gap-1 tw-mt-6\"><h5 class=\"tw-text-primary tw-text-xl\">2011</h5><span class=\"tw-col-span-2 tw-text-lg tw-font-bold tw-text-primary\">Geriatric Medicine</span><span class=\"tw-col-span-2\">University of Maryland, United States</span></div><div class=\"tw-grid sm:tw-grid-cols-5 sm:tw-gap-6 tw-gap-1 tw-mt-6\"><h5 class=\"tw-text-primary tw-text-xl\">2010</h5><span class=\"tw-col-span-2 tw-text-lg tw-font-bold tw-text-primary\">Internal Medicine</span><span class=\"tw-col-span-2\">American Board of Internal Medicine, United States</span></div><div class=\"tw-grid sm:tw-grid-cols-5 sm:tw-gap-6 tw-gap-1 tw-mt-6\"><h5 class=\"tw-text-primary tw-text-xl\">2002</h5><span class=\"tw-col-span-2 tw-text-lg tw-font-bold tw-text-primary\">Doctor of Medicine</span><span class=\"tw-col-span-2\">Ramathibodi Hospital, Thailand</span></div></div></div>','{}','active','2024-12-20 12:33:12','2024-12-20 12:33:12',NULL,10,23),(128,'dr. maturos','deeswasmongkol','-dr. maturos-deeswasmongkol-1734719593','1734719593-doctor.jpg',NULL,NULL,NULL,NULL,NULL,NULL,NULL,'male',NULL,NULL,'<div class=\"tw-flex tw-flex-col md:tw-space-y-12 sm:tw-space-y-10 tw-space-y-9 sm:tw-my-14 tw-my-10\"><div id=\"doctor-list\" class=\"tw-relative md:tw-rounded-3xl tw-rounded-xl md:tw-p-9 md:!tw-pt-20 sm:tw-p-6 sm:!tw-pt-14 tw-p-4 !tw-pt-12 education-wrapper\"><div class=\"tw-absolute tw-bg-bgh-white tw-top-0 tw-left-0 md:tw-skew-x-[-32deg] tw-skew-x-[-24deg] md:tw-pr-8 tw-pr-4 md:tw-rounded-br-xl tw-rounded-br-lg\"><h3 class=\"tw-capitalize md:tw-skew-x-[32deg] tw-skew-x-[24deg] md:tw-p-4 md:!tw-pr-0 tw-p-3 tw-bg-bgh-white tw-relative inverted-border-radius\">Education</h3></div><div class=\"tw-grid sm:tw-grid-cols-5 sm:tw-gap-6 tw-gap-1 tw-mt-6\"><h5 class=\"tw-text-primary tw-text-xl\">1978</h5><span class=\"tw-col-span-2 tw-text-lg tw-font-bold tw-text-primary\">Pediatric Infectious Diseases</span><span class=\"tw-col-span-2\">Ramathibodee Hospital, Thailand</span></div><div class=\"tw-grid sm:tw-grid-cols-5 sm:tw-gap-6 tw-gap-1 tw-mt-6\"><h5 class=\"tw-text-primary tw-text-xl\">1977</h5><span class=\"tw-col-span-2 tw-text-lg tw-font-bold tw-text-primary\">Pediatrics</span><span class=\"tw-col-span-2\">Ramathibodee Hospital, Thailand</span></div><div class=\"tw-grid sm:tw-grid-cols-5 sm:tw-gap-6 tw-gap-1 tw-mt-6\"><h5 class=\"tw-text-primary tw-text-xl\">1973</h5><span class=\"tw-col-span-2 tw-text-lg tw-font-bold tw-text-primary\">Doctor of Medicine</span><span class=\"tw-col-span-2\">Ramathibodi Hospital, Thailand</span></div></div></div>','{}','active','2024-12-20 12:33:13','2024-12-20 12:33:13',NULL,10,52),(129,'dr. yodruk','prasert','-dr. yodruk-prasert-1734719595','1734719595-doctor.jpg',NULL,NULL,NULL,NULL,NULL,NULL,NULL,'male',NULL,NULL,'<div class=\"tw-container\"><div class=\"tw-relative sm:tw-py-12 tw-pb-10 tw-pt-6 tw-flex sm:tw-flex-row tw-flex-col sm:tw-items-start tw-items-center sm:tw-space-y-0 tw-space-y-7\"><h3 class=\"animated-underline tw-flex-none md-br ltr:md:tw-mr-24 ltr:sm:tw-mr-16 rtl:md:tw-ml-24 rtl:sm:tw-ml-16\">Treatments &amp;<br class=\"sm:tw-block tw-hidden\"> Services</h3><div class=\"tw-w-full sm:tw-grid tw-grid-cols-2 md:tw-gap-4 sm:tw-gap-3 md:tw-grid-cols-3\"><div class=\"tw-shadow-main-blue-light tw-rounded-md tw-capitalize tw-font-bold tw-bg-white sm:tw-scale-y-100 sm:tw-opacity-100 sm:tw-h-auto tw-origin-top tw-duration-200 tw-flex tw-items-center sm:tw-px-4 md:tw-py-5 sm:tw-py-4 sm:tw-mt-0 tw-mt-3 tw-px-4 tw-py-3 sm:tw-mt-0 tw-mt-3 tw-px-4 tw-py-3\"><span class=\"line-clamp-2\"> Traumatic Brain Injury</span></div><div class=\"tw-shadow-main-blue-light tw-rounded-md tw-capitalize tw-font-bold tw-bg-white sm:tw-scale-y-100 sm:tw-opacity-100 sm:tw-h-auto tw-origin-top tw-duration-200 tw-flex tw-items-center sm:tw-px-4 md:tw-py-5 sm:tw-py-4 sm:tw-mt-0 tw-mt-3 tw-px-4 tw-py-3 sm:tw-mt-0 tw-mt-3 tw-px-4 tw-py-3\"><span class=\"line-clamp-2\">Spinal Cord Injury</span></div><div class=\"tw-shadow-main-blue-light tw-rounded-md tw-capitalize tw-font-bold tw-bg-white sm:tw-scale-y-100 sm:tw-opacity-100 sm:tw-h-auto tw-origin-top tw-duration-200 tw-flex tw-items-center sm:tw-px-4 md:tw-py-5 sm:tw-py-4 sm:tw-mt-0 tw-mt-3 tw-px-4 tw-py-3 sm:tw-mt-0 tw-mt-3 tw-px-4 tw-py-3\"><span class=\"line-clamp-2\">Arteriovenous Malformation/Cerebral Aneurysms</span></div><div class=\"tw-shadow-main-blue-light tw-rounded-md tw-capitalize tw-font-bold tw-bg-white sm:tw-scale-y-100 sm:tw-opacity-100 sm:tw-h-auto tw-origin-top tw-duration-200 tw-flex tw-items-center sm:tw-px-4 md:tw-py-5 sm:tw-py-4 sm:tw-mt-0 tw-mt-3 tw-px-4 tw-py-3 sm:tw-mt-0 tw-mt-3 tw-px-4 tw-py-3\"><span class=\"line-clamp-2\">Brain/Spinal cord Tumors</span></div><div class=\"tw-shadow-main-blue-light tw-rounded-md tw-capitalize tw-font-bold tw-bg-white sm:tw-scale-y-100 sm:tw-opacity-100 sm:tw-h-auto tw-origin-top tw-duration-200 tw-flex tw-items-center sm:tw-px-4 md:tw-py-5 sm:tw-py-4 sm:tw-mt-0 tw-mt-3 tw-px-4 tw-py-3 sm:tw-mt-0 tw-mt-3 tw-px-4 tw-py-3\"><span class=\"line-clamp-2\">Treatment for Normal Pressure Hydrocephalus</span></div></div><div class=\"tw-items-center tw-justify-center tw-space-x-4 tw-mt-7 tw-cursor-pointer tw-hidden\"><span class=\"tw-font-bold tw-uppercase tw-text-primary\">See more</span><i class=\"fa fa-chevron-down tw-font-bold tw-text-primary tw-duration-200 \"></i></div></div></div>','{}','active','2024-12-20 12:33:15','2024-12-20 12:33:15',NULL,10,1),(130,'dr. rapin','kukreja','-dr. rapin-kukreja-1734719596','1734719596-doctor.jpg',NULL,NULL,NULL,NULL,NULL,NULL,NULL,'male',NULL,NULL,'<div class=\"tw-container\"><div class=\"tw-relative sm:tw-py-12 tw-pb-10 tw-pt-6 tw-flex sm:tw-flex-row tw-flex-col sm:tw-items-start tw-items-center sm:tw-space-y-0 tw-space-y-7\"><h3 class=\"animated-underline tw-flex-none md-br ltr:md:tw-mr-24 ltr:sm:tw-mr-16 rtl:md:tw-ml-24 rtl:sm:tw-ml-16\">Treatments &amp;<br class=\"sm:tw-block tw-hidden\"> Services</h3><div class=\"tw-w-full sm:tw-grid tw-grid-cols-2 md:tw-gap-4 sm:tw-gap-3 md:tw-grid-cols-3\"><div class=\"tw-shadow-main-blue-light tw-rounded-md tw-capitalize tw-font-bold tw-bg-white sm:tw-scale-y-100 sm:tw-opacity-100 sm:tw-h-auto tw-origin-top tw-duration-200 tw-flex tw-items-center sm:tw-px-4 md:tw-py-5 sm:tw-py-4 sm:tw-mt-0 tw-mt-3 tw-px-4 tw-py-3 sm:tw-mt-0 tw-mt-3 tw-px-4 tw-py-3\"><span class=\"line-clamp-2\">Cardiology</span></div><div class=\"tw-shadow-main-blue-light tw-rounded-md tw-capitalize tw-font-bold tw-bg-white sm:tw-scale-y-100 sm:tw-opacity-100 sm:tw-h-auto tw-origin-top tw-duration-200 tw-flex tw-items-center sm:tw-px-4 md:tw-py-5 sm:tw-py-4 sm:tw-mt-0 tw-mt-3 tw-px-4 tw-py-3 sm:tw-mt-0 tw-mt-3 tw-px-4 tw-py-3\"><span class=\"line-clamp-2\">Coronary Artery Disease</span></div><div class=\"tw-shadow-main-blue-light tw-rounded-md tw-capitalize tw-font-bold tw-bg-white sm:tw-scale-y-100 sm:tw-opacity-100 sm:tw-h-auto tw-origin-top tw-duration-200 tw-flex tw-items-center sm:tw-px-4 md:tw-py-5 sm:tw-py-4 sm:tw-mt-0 tw-mt-3 tw-px-4 tw-py-3 sm:tw-mt-0 tw-mt-3 tw-px-4 tw-py-3\"><span class=\"line-clamp-2\">Acute Coronary Syndrome (ACS)</span></div><div class=\"tw-shadow-main-blue-light tw-rounded-md tw-capitalize tw-font-bold tw-bg-white sm:tw-scale-y-100 sm:tw-opacity-100 sm:tw-h-auto tw-origin-top tw-duration-200 tw-flex tw-items-center sm:tw-px-4 md:tw-py-5 sm:tw-py-4 sm:tw-mt-0 tw-mt-3 tw-px-4 tw-py-3 sm:tw-mt-0 tw-mt-3 tw-px-4 tw-py-3\"><span class=\"line-clamp-2\">Chronic Coronary Syndrome</span></div><div class=\"tw-shadow-main-blue-light tw-rounded-md tw-capitalize tw-font-bold tw-bg-white sm:tw-scale-y-100 sm:tw-opacity-100 sm:tw-h-auto tw-origin-top tw-duration-200 tw-flex tw-items-center sm:tw-px-4 md:tw-py-5 sm:tw-py-4 sm:tw-mt-0 tw-mt-3 tw-px-4 tw-py-3 sm:tw-mt-0 tw-mt-3 tw-px-4 tw-py-3\"><span class=\"line-clamp-2\">Transcatheter Aortic Valve Implantation (TAVI)/ Transcatheter Aortic Valve Replacement (TAVR)</span></div></div><div class=\"tw-items-center tw-justify-center tw-space-x-4 tw-mt-7 tw-cursor-pointer tw-hidden\"><span class=\"tw-font-bold tw-uppercase tw-text-primary\">See more</span><i class=\"fa fa-chevron-down tw-font-bold tw-text-primary tw-duration-200 \"></i></div></div></div>','{}','active','2024-12-20 12:33:16','2024-12-20 12:33:16',NULL,10,23),(131,'dr. ramanpal singh','thakral','-dr. ramanpal singh-thakral-1734719597','1734719597-doctor.jpg',NULL,NULL,NULL,NULL,NULL,NULL,NULL,'male',NULL,NULL,'<div class=\"tw-container\"><div class=\"tw-relative sm:tw-py-12 tw-pb-10 tw-pt-6 tw-flex sm:tw-flex-row tw-flex-col sm:tw-items-start tw-items-center sm:tw-space-y-0 tw-space-y-7\"><h3 class=\"animated-underline tw-flex-none md-br ltr:md:tw-mr-24 ltr:sm:tw-mr-16 rtl:md:tw-ml-24 rtl:sm:tw-ml-16\">Treatments &amp;<br class=\"sm:tw-block tw-hidden\"> Services</h3><div class=\"tw-w-full sm:tw-grid tw-grid-cols-2 md:tw-gap-4 sm:tw-gap-3 md:tw-grid-cols-3\"><div class=\"tw-shadow-main-blue-light tw-rounded-md tw-capitalize tw-font-bold tw-bg-white sm:tw-scale-y-100 sm:tw-opacity-100 sm:tw-h-auto tw-origin-top tw-duration-200 tw-flex tw-items-center sm:tw-px-4 md:tw-py-5 sm:tw-py-4 sm:tw-mt-0 tw-mt-3 tw-px-4 tw-py-3 sm:tw-mt-0 tw-mt-3 tw-px-4 tw-py-3\"><span class=\"line-clamp-2\">Pre-travel consultation for vaccinations</span></div><div class=\"tw-shadow-main-blue-light tw-rounded-md tw-capitalize tw-font-bold tw-bg-white sm:tw-scale-y-100 sm:tw-opacity-100 sm:tw-h-auto tw-origin-top tw-duration-200 tw-flex tw-items-center sm:tw-px-4 md:tw-py-5 sm:tw-py-4 sm:tw-mt-0 tw-mt-3 tw-px-4 tw-py-3 sm:tw-mt-0 tw-mt-3 tw-px-4 tw-py-3\"><span class=\"line-clamp-2\">General physical examination</span></div><div class=\"tw-shadow-main-blue-light tw-rounded-md tw-capitalize tw-font-bold tw-bg-white sm:tw-scale-y-100 sm:tw-opacity-100 sm:tw-h-auto tw-origin-top tw-duration-200 tw-flex tw-items-center sm:tw-px-4 md:tw-py-5 sm:tw-py-4 sm:tw-mt-0 tw-mt-3 tw-px-4 tw-py-3 sm:tw-mt-0 tw-mt-3 tw-px-4 tw-py-3\"><span class=\"line-clamp-2\">Co-ordination for international insurance</span></div></div><div class=\"tw-items-center tw-justify-center tw-space-x-4 tw-mt-7 tw-cursor-pointer tw-hidden\"><span class=\"tw-font-bold tw-uppercase tw-text-primary\">See more</span><i class=\"fa fa-chevron-down tw-font-bold tw-text-primary tw-duration-200 \"></i></div></div></div>','{}','active','2024-12-20 12:33:17','2024-12-20 12:33:17',NULL,10,1),(132,'dr. rungthip','dansirikul','-dr. rungthip-dansirikul-1734719598','1734719598-doctor.jpg',NULL,NULL,NULL,NULL,NULL,NULL,NULL,'male',NULL,NULL,'<div class=\"tw-flex tw-flex-col md:tw-space-y-12 sm:tw-space-y-10 tw-space-y-9 sm:tw-my-14 tw-my-10\"><div id=\"doctor-list\" class=\"tw-relative md:tw-rounded-3xl tw-rounded-xl md:tw-p-9 md:!tw-pt-20 sm:tw-p-6 sm:!tw-pt-14 tw-p-4 !tw-pt-12 education-wrapper\"><div class=\"tw-absolute tw-bg-bgh-white tw-top-0 tw-left-0 md:tw-skew-x-[-32deg] tw-skew-x-[-24deg] md:tw-pr-8 tw-pr-4 md:tw-rounded-br-xl tw-rounded-br-lg\"><h3 class=\"tw-capitalize md:tw-skew-x-[32deg] tw-skew-x-[24deg] md:tw-p-4 md:!tw-pr-0 tw-p-3 tw-bg-bgh-white tw-relative inverted-border-radius\">Education</h3></div><div class=\"tw-grid sm:tw-grid-cols-5 sm:tw-gap-6 tw-gap-1 tw-mt-6\"><h5 class=\"tw-text-primary tw-text-xl\">2006</h5><span class=\"tw-col-span-2 tw-text-lg tw-font-bold tw-text-primary\">Endocrinology and Metabolism</span><span class=\"tw-col-span-2\">Rajavithi Hospital, Thailand</span></div><div class=\"tw-grid sm:tw-grid-cols-5 sm:tw-gap-6 tw-gap-1 tw-mt-6\"><h5 class=\"tw-text-primary tw-text-xl\">1997</h5><span class=\"tw-col-span-2 tw-text-lg tw-font-bold tw-text-primary\">Internal Medicine</span><span class=\"tw-col-span-2\">Rajavithi Hospital, Thailand</span></div><div class=\"tw-grid sm:tw-grid-cols-5 sm:tw-gap-6 tw-gap-1 tw-mt-6\"><h5 class=\"tw-text-primary tw-text-xl\">1993</h5><span class=\"tw-col-span-2 tw-text-lg tw-font-bold tw-text-primary\">Doctor of Medicine</span><span class=\"tw-col-span-2\">Chulalongkorn University, Thailand</span></div></div><div id=\"doctor-list\" class=\"tw-relative md:tw-rounded-3xl tw-rounded-xl md:tw-p-9 md:!tw-pt-20 sm:tw-p-6 sm:!tw-pt-14 tw-p-4 !tw-pt-12 education-wrapper\"><div class=\"tw-absolute tw-bg-bgh-white tw-top-0 tw-left-0 md:tw-skew-x-[-32deg] tw-skew-x-[-24deg] md:tw-pr-8 tw-pr-4 md:tw-rounded-br-xl tw-rounded-br-lg\"><h3 class=\"tw-capitalize md:tw-skew-x-[32deg] tw-skew-x-[24deg] md:tw-p-4 md:!tw-pr-0 tw-p-3 tw-bg-bgh-white tw-relative inverted-border-radius\">Certificates</h3></div><div class=\"tw-grid sm:tw-grid-cols-5 sm:tw-gap-6 tw-gap-1 tw-mt-6\"><h5 class=\"tw-text-primary tw-text-xl\">2019</h5><span class=\"tw-col-span-2 tw-text-lg tw-font-bold tw-text-primary\">Medical Education CSII &amp; CGMS Training : Minimed 630g Insulin Pump System iPro2 Professional CGM</span><span class=\"tw-col-span-2\">Medtronic, Thailand</span></div></div></div>','{}','active','2024-12-20 12:33:18','2024-12-20 12:33:18',NULL,10,23),(133,'dr. laksamee','chanvej','-dr. laksamee-chanvej-1734719599','1734719599-doctor.jpg',NULL,NULL,NULL,NULL,NULL,NULL,NULL,'male',NULL,NULL,'<div class=\"tw-container\"><div class=\"tw-relative sm:tw-py-12 tw-pb-10 tw-pt-6 tw-flex sm:tw-flex-row tw-flex-col sm:tw-items-start tw-items-center sm:tw-space-y-0 tw-space-y-7\"><h3 class=\"animated-underline tw-flex-none md-br ltr:md:tw-mr-24 ltr:sm:tw-mr-16 rtl:md:tw-ml-24 rtl:sm:tw-ml-16\">Treatments &amp;<br class=\"sm:tw-block tw-hidden\"> Services</h3><div class=\"tw-w-full sm:tw-grid tw-grid-cols-2 md:tw-gap-4 sm:tw-gap-3 md:tw-grid-cols-2\"><div class=\"tw-shadow-main-blue-light tw-rounded-md tw-capitalize tw-font-bold tw-bg-white sm:tw-scale-y-100 sm:tw-opacity-100 sm:tw-h-auto tw-origin-top tw-duration-200 tw-flex tw-items-center sm:tw-px-4 md:tw-py-5 sm:tw-py-4 sm:tw-mt-0 tw-mt-3 tw-px-4 tw-py-3 sm:tw-mt-0 tw-mt-3 tw-px-4 tw-py-3\"><span class=\"line-clamp-2\">Pain Management</span></div><div class=\"tw-shadow-main-blue-light tw-rounded-md tw-capitalize tw-font-bold tw-bg-white sm:tw-scale-y-100 sm:tw-opacity-100 sm:tw-h-auto tw-origin-top tw-duration-200 tw-flex tw-items-center sm:tw-px-4 md:tw-py-5 sm:tw-py-4 sm:tw-mt-0 tw-mt-3 tw-px-4 tw-py-3 sm:tw-mt-0 tw-mt-3 tw-px-4 tw-py-3\"><span class=\"line-clamp-2\">Palliative Care</span></div></div><div class=\"tw-items-center tw-justify-center tw-space-x-4 tw-mt-7 tw-cursor-pointer tw-hidden\"><span class=\"tw-font-bold tw-uppercase tw-text-primary\">See more</span><i class=\"fa fa-chevron-down tw-font-bold tw-text-primary tw-duration-200 \"></i></div></div></div>','{}','active','2024-12-20 12:33:19','2024-12-20 12:33:19',NULL,10,53),(134,'dr. wanicha','panyakhamlerd','-dr. wanicha-panyakhamlerd-1734719601','1734719601-doctor.jpg',NULL,NULL,NULL,NULL,NULL,NULL,NULL,'male',NULL,NULL,'<div class=\"tw-container\"><div class=\"tw-relative sm:tw-py-12 tw-pb-10 tw-pt-6 tw-flex sm:tw-flex-row tw-flex-col sm:tw-items-start tw-items-center sm:tw-space-y-0 tw-space-y-7\"><h3 class=\"animated-underline tw-flex-none md-br ltr:md:tw-mr-24 ltr:sm:tw-mr-16 rtl:md:tw-ml-24 rtl:sm:tw-ml-16\">Treatments &amp;<br class=\"sm:tw-block tw-hidden\"> Services</h3><div class=\"tw-w-full sm:tw-grid tw-grid-cols-2 md:tw-gap-4 sm:tw-gap-3 md:tw-grid-cols-3\"><div class=\"tw-shadow-main-blue-light tw-rounded-md tw-capitalize tw-font-bold tw-bg-white sm:tw-scale-y-100 sm:tw-opacity-100 sm:tw-h-auto tw-origin-top tw-duration-200 tw-flex tw-items-center sm:tw-px-4 md:tw-py-5 sm:tw-py-4 sm:tw-mt-0 tw-mt-3 tw-px-4 tw-py-3 sm:tw-mt-0 tw-mt-3 tw-px-4 tw-py-3\"><span class=\"line-clamp-2\">Menopause care</span></div><div class=\"tw-shadow-main-blue-light tw-rounded-md tw-capitalize tw-font-bold tw-bg-white sm:tw-scale-y-100 sm:tw-opacity-100 sm:tw-h-auto tw-origin-top tw-duration-200 tw-flex tw-items-center sm:tw-px-4 md:tw-py-5 sm:tw-py-4 sm:tw-mt-0 tw-mt-3 tw-px-4 tw-py-3 sm:tw-mt-0 tw-mt-3 tw-px-4 tw-py-3\"><span class=\"line-clamp-2\">Pregnancy care</span></div><div class=\"tw-shadow-main-blue-light tw-rounded-md tw-capitalize tw-font-bold tw-bg-white sm:tw-scale-y-100 sm:tw-opacity-100 sm:tw-h-auto tw-origin-top tw-duration-200 tw-flex tw-items-center sm:tw-px-4 md:tw-py-5 sm:tw-py-4 sm:tw-mt-0 tw-mt-3 tw-px-4 tw-py-3 sm:tw-mt-0 tw-mt-3 tw-px-4 tw-py-3\"><span class=\"line-clamp-2\">Sexual medicine</span></div><div class=\"tw-shadow-main-blue-light tw-rounded-md tw-capitalize tw-font-bold tw-bg-white sm:tw-scale-y-100 sm:tw-opacity-100 sm:tw-h-auto tw-origin-top tw-duration-200 tw-flex tw-items-center sm:tw-px-4 md:tw-py-5 sm:tw-py-4 sm:tw-mt-0 tw-mt-3 tw-px-4 tw-py-3 sm:tw-mt-0 tw-mt-3 tw-px-4 tw-py-3\"><span class=\"line-clamp-2\">Treatment for vaginal dryness</span></div><div class=\"tw-shadow-main-blue-light tw-rounded-md tw-capitalize tw-font-bold tw-bg-white sm:tw-scale-y-100 sm:tw-opacity-100 sm:tw-h-auto tw-origin-top tw-duration-200 tw-flex tw-items-center sm:tw-px-4 md:tw-py-5 sm:tw-py-4 sm:tw-mt-0 tw-mt-3 tw-px-4 tw-py-3 sm:tw-mt-0 tw-mt-3 tw-px-4 tw-py-3\"><span class=\"line-clamp-2\">Treatment for mood swing</span></div><div class=\"tw-shadow-main-blue-light tw-rounded-md tw-capitalize tw-font-bold tw-bg-white sm:tw-scale-y-100 sm:tw-opacity-100 sm:tw-h-auto tw-origin-top tw-duration-200 tw-flex tw-items-center sm:tw-px-4 md:tw-py-5 sm:tw-py-4 sm:tw-mt-0 tw-mt-3 tw-px-4 tw-py-3 sm:tw-mt-0 tw-mt-3 tw-px-4 tw-py-3\"><span class=\"line-clamp-2\">Treatment for frequent urination</span></div><div class=\"tw-shadow-main-blue-light tw-rounded-md tw-capitalize tw-font-bold tw-bg-white sm:tw-scale-y-100 sm:tw-opacity-100 sm:tw-h-auto tw-origin-top tw-duration-200 tw-flex tw-items-center sm:tw-px-4 md:tw-py-5 sm:tw-py-4 sm:tw-mt-0 tw-mt-3 tw-px-4 tw-py-3 sm:tw-mt-0 tw-mt-3 tw-px-4 tw-py-3\"><span class=\"line-clamp-2\">Treatment for urinary tract infection</span></div><div class=\"tw-shadow-main-blue-light tw-rounded-md tw-capitalize tw-font-bold tw-bg-white sm:tw-scale-y-100 sm:tw-opacity-100 sm:tw-h-auto tw-origin-top tw-duration-200 tw-flex tw-items-center sm:tw-px-4 md:tw-py-5 sm:tw-py-4 sm:tw-mt-0 tw-mt-3 tw-px-4 tw-py-3 sm:tw-mt-0 tw-mt-3 tw-px-4 tw-py-3\"><span class=\"line-clamp-2\">Treatment for women\'s health</span></div></div><div class=\"tw-items-center tw-justify-center tw-space-x-4 tw-mt-7 tw-cursor-pointer tw-hidden\"><span class=\"tw-font-bold tw-uppercase tw-text-primary\">See more</span><i class=\"fa fa-chevron-down tw-font-bold tw-text-primary tw-duration-200 \"></i></div></div></div>','{}','active','2024-12-20 12:33:21','2024-12-20 12:33:21',NULL,10,1),(135,'dr. wichai','jiraroj-ungkun','-dr. wichai-jiraroj-ungkun-1734719604','1734719604-doctor.jpg',NULL,NULL,NULL,NULL,NULL,NULL,NULL,'male',NULL,NULL,'<div class=\"tw-container\"><div class=\"tw-relative sm:tw-py-12 tw-pb-10 tw-pt-6 tw-flex sm:tw-flex-row tw-flex-col sm:tw-items-start tw-items-center sm:tw-space-y-0 tw-space-y-7\"><h3 class=\"animated-underline tw-flex-none md-br ltr:md:tw-mr-24 ltr:sm:tw-mr-16 rtl:md:tw-ml-24 rtl:sm:tw-ml-16\">Treatments &amp;<br class=\"sm:tw-block tw-hidden\"> Services</h3><div class=\"tw-w-full sm:tw-grid tw-grid-cols-2 md:tw-gap-4 sm:tw-gap-3 md:tw-grid-cols-3\"><div class=\"tw-shadow-main-blue-light tw-rounded-md tw-capitalize tw-font-bold tw-bg-white sm:tw-scale-y-100 sm:tw-opacity-100 sm:tw-h-auto tw-origin-top tw-duration-200 tw-flex tw-items-center sm:tw-px-4 md:tw-py-5 sm:tw-py-4 sm:tw-mt-0 tw-mt-3 tw-px-4 tw-py-3 sm:tw-mt-0 tw-mt-3 tw-px-4 tw-py-3\"><span class=\"line-clamp-2\">Cardiology</span></div><div class=\"tw-shadow-main-blue-light tw-rounded-md tw-capitalize tw-font-bold tw-bg-white sm:tw-scale-y-100 sm:tw-opacity-100 sm:tw-h-auto tw-origin-top tw-duration-200 tw-flex tw-items-center sm:tw-px-4 md:tw-py-5 sm:tw-py-4 sm:tw-mt-0 tw-mt-3 tw-px-4 tw-py-3 sm:tw-mt-0 tw-mt-3 tw-px-4 tw-py-3\"><span class=\"line-clamp-2\">Coronary Artery Disease</span></div><div class=\"tw-shadow-main-blue-light tw-rounded-md tw-capitalize tw-font-bold tw-bg-white sm:tw-scale-y-100 sm:tw-opacity-100 sm:tw-h-auto tw-origin-top tw-duration-200 tw-flex tw-items-center sm:tw-px-4 md:tw-py-5 sm:tw-py-4 sm:tw-mt-0 tw-mt-3 tw-px-4 tw-py-3 sm:tw-mt-0 tw-mt-3 tw-px-4 tw-py-3\"><span class=\"line-clamp-2\">Acute Coronary Syndrome (ACS)</span></div><div class=\"tw-shadow-main-blue-light tw-rounded-md tw-capitalize tw-font-bold tw-bg-white sm:tw-scale-y-100 sm:tw-opacity-100 sm:tw-h-auto tw-origin-top tw-duration-200 tw-flex tw-items-center sm:tw-px-4 md:tw-py-5 sm:tw-py-4 sm:tw-mt-0 tw-mt-3 tw-px-4 tw-py-3 sm:tw-mt-0 tw-mt-3 tw-px-4 tw-py-3\"><span class=\"line-clamp-2\">Chronic Coronary Syndrome</span></div><div class=\"tw-shadow-main-blue-light tw-rounded-md tw-capitalize tw-font-bold tw-bg-white sm:tw-scale-y-100 sm:tw-opacity-100 sm:tw-h-auto tw-origin-top tw-duration-200 tw-flex tw-items-center sm:tw-px-4 md:tw-py-5 sm:tw-py-4 sm:tw-mt-0 tw-mt-3 tw-px-4 tw-py-3 sm:tw-mt-0 tw-mt-3 tw-px-4 tw-py-3\"><span class=\"line-clamp-2\">Structural Heart Intervention</span></div></div><div class=\"tw-items-center tw-justify-center tw-space-x-4 tw-mt-7 tw-cursor-pointer tw-hidden\"><span class=\"tw-font-bold tw-uppercase tw-text-primary\">See more</span><i class=\"fa fa-chevron-down tw-font-bold tw-text-primary tw-duration-200 \"></i></div></div></div>','{}','active','2024-12-20 12:33:24','2024-12-20 12:33:24',NULL,10,23),(136,'asst. prof. dr. weeraporn','veerapravati','-asst. prof. dr. weeraporn-veerapravati-1734719605','1734719605-doctor.jpg',NULL,NULL,NULL,NULL,NULL,NULL,NULL,'male',NULL,NULL,'<div class=\"tw-container\"><div class=\"tw-relative sm:tw-py-12 tw-pb-10 tw-pt-6 tw-flex sm:tw-flex-row tw-flex-col sm:tw-items-start tw-items-center sm:tw-space-y-0 tw-space-y-7\"><h3 class=\"animated-underline tw-flex-none md-br ltr:md:tw-mr-24 ltr:sm:tw-mr-16 rtl:md:tw-ml-24 rtl:sm:tw-ml-16\">Treatments &amp;<br class=\"sm:tw-block tw-hidden\"> Services</h3><div class=\"tw-w-full sm:tw-grid tw-grid-cols-2 md:tw-gap-4 sm:tw-gap-3 md:tw-grid-cols-2\"><div class=\"tw-shadow-main-blue-light tw-rounded-md tw-capitalize tw-font-bold tw-bg-white sm:tw-scale-y-100 sm:tw-opacity-100 sm:tw-h-auto tw-origin-top tw-duration-200 tw-flex tw-items-center sm:tw-px-4 md:tw-py-5 sm:tw-py-4 sm:tw-mt-0 tw-mt-3 tw-px-4 tw-py-3 sm:tw-mt-0 tw-mt-3 tw-px-4 tw-py-3\"><span class=\"line-clamp-2\">Esthetic Dentistry</span></div><div class=\"tw-shadow-main-blue-light tw-rounded-md tw-capitalize tw-font-bold tw-bg-white sm:tw-scale-y-100 sm:tw-opacity-100 sm:tw-h-auto tw-origin-top tw-duration-200 tw-flex tw-items-center sm:tw-px-4 md:tw-py-5 sm:tw-py-4 sm:tw-mt-0 tw-mt-3 tw-px-4 tw-py-3 sm:tw-mt-0 tw-mt-3 tw-px-4 tw-py-3\"><span class=\"line-clamp-2\">Digital Restorative Dentistry</span></div></div><div class=\"tw-items-center tw-justify-center tw-space-x-4 tw-mt-7 tw-cursor-pointer tw-hidden\"><span class=\"tw-font-bold tw-uppercase tw-text-primary\">See more</span><i class=\"fa fa-chevron-down tw-font-bold tw-text-primary tw-duration-200 \"></i></div></div></div>','{}','active','2024-12-20 12:33:25','2024-12-20 12:33:25',NULL,10,54),(137,'prof. dr. varocha','mahachai','-prof. dr. varocha-mahachai-1734719606','1734719606-doctor.jpg',NULL,NULL,NULL,NULL,NULL,NULL,NULL,'male',NULL,NULL,'<div class=\"tw-flex tw-flex-col md:tw-space-y-12 sm:tw-space-y-10 tw-space-y-9 sm:tw-my-14 tw-my-10\"><div id=\"doctor-list\" class=\"tw-relative md:tw-rounded-3xl tw-rounded-xl md:tw-p-9 md:!tw-pt-20 sm:tw-p-6 sm:!tw-pt-14 tw-p-4 !tw-pt-12 education-wrapper\"><div class=\"tw-absolute tw-bg-bgh-white tw-top-0 tw-left-0 md:tw-skew-x-[-32deg] tw-skew-x-[-24deg] md:tw-pr-8 tw-pr-4 md:tw-rounded-br-xl tw-rounded-br-lg\"><h3 class=\"tw-capitalize md:tw-skew-x-[32deg] tw-skew-x-[24deg] md:tw-p-4 md:!tw-pr-0 tw-p-3 tw-bg-bgh-white tw-relative inverted-border-radius\">Education</h3></div><div class=\"tw-grid sm:tw-grid-cols-5 sm:tw-gap-6 tw-gap-1 tw-mt-6\"><h5 class=\"tw-text-primary tw-text-xl\">2004</h5><span class=\"tw-col-span-2 tw-text-lg tw-font-bold tw-text-primary\">Gastroenterology</span><span class=\"tw-col-span-2\">Thai Medical Council, Thailand</span></div><div class=\"tw-grid sm:tw-grid-cols-5 sm:tw-gap-6 tw-gap-1 tw-mt-6\"><h5 class=\"tw-text-primary tw-text-xl\">1985</h5><span class=\"tw-col-span-2 tw-text-lg tw-font-bold tw-text-primary\">Gastroenterology</span><span class=\"tw-col-span-2\">American Board of Internal Medicine, United States</span></div><div class=\"tw-grid sm:tw-grid-cols-5 sm:tw-gap-6 tw-gap-1 tw-mt-6\"><h5 class=\"tw-text-primary tw-text-xl\">1984</h5><span class=\"tw-col-span-2 tw-text-lg tw-font-bold tw-text-primary\">Gastroenterology</span><span class=\"tw-col-span-2\">University of Alberta, Canada</span></div><div class=\"tw-grid sm:tw-grid-cols-5 sm:tw-gap-6 tw-gap-1 tw-mt-6\"><h5 class=\"tw-text-primary tw-text-xl\">1983</h5><span class=\"tw-col-span-2 tw-text-lg tw-font-bold tw-text-primary\">Internal Medicine</span><span class=\"tw-col-span-2\">University of Alberta, Canada</span></div><div class=\"tw-grid sm:tw-grid-cols-5 sm:tw-gap-6 tw-gap-1 tw-mt-6\"><h5 class=\"tw-text-primary tw-text-xl\">1982</h5><span class=\"tw-col-span-2 tw-text-lg tw-font-bold tw-text-primary\">Internal Medicine</span><span class=\"tw-col-span-2\">American Board of Internal Medicine, United States</span></div><div class=\"tw-grid sm:tw-grid-cols-5 sm:tw-gap-6 tw-gap-1 tw-mt-6\"><h5 class=\"tw-text-primary tw-text-xl\">1976</h5><span class=\"tw-col-span-2 tw-text-lg tw-font-bold tw-text-primary\">Doctor of Medicine</span><span class=\"tw-col-span-2\">Chulalongkorn University, Thailand</span></div></div></div>','{}','active','2024-12-20 12:33:26','2024-12-20 12:33:26',NULL,10,1),(138,'dr. supakorn','rojananin','-dr. supakorn-rojananin-1734719608','1734719608-doctor.jpg',NULL,NULL,NULL,NULL,NULL,NULL,NULL,'male',NULL,NULL,'<div class=\"tw-container\"><div class=\"tw-relative sm:tw-py-12 tw-pb-10 tw-pt-6 tw-flex sm:tw-flex-row tw-flex-col sm:tw-items-start tw-items-center sm:tw-space-y-0 tw-space-y-7\"><h3 class=\"animated-underline tw-flex-none md-br ltr:md:tw-mr-24 ltr:sm:tw-mr-16 rtl:md:tw-ml-24 rtl:sm:tw-ml-16\">Treatments &amp;<br class=\"sm:tw-block tw-hidden\"> Services</h3><div class=\"tw-w-full sm:tw-grid tw-grid-cols-2 md:tw-gap-4 sm:tw-gap-3 md:tw-grid-cols-2\"><div class=\"tw-shadow-main-blue-light tw-rounded-md tw-capitalize tw-font-bold tw-bg-white sm:tw-scale-y-100 sm:tw-opacity-100 sm:tw-h-auto tw-origin-top tw-duration-200 tw-flex tw-items-center sm:tw-px-4 md:tw-py-5 sm:tw-py-4 sm:tw-mt-0 tw-mt-3 tw-px-4 tw-py-3 sm:tw-mt-0 tw-mt-3 tw-px-4 tw-py-3\"><span class=\"line-clamp-2\">Breast Surgery, Head &amp; Neck Surgical Oncology</span></div></div><div class=\"tw-items-center tw-justify-center tw-space-x-4 tw-mt-7 tw-cursor-pointer tw-hidden\"><span class=\"tw-font-bold tw-uppercase tw-text-primary\">See more</span><i class=\"fa fa-chevron-down tw-font-bold tw-text-primary tw-duration-200 \"></i></div></div></div>','{}','active','2024-12-20 12:33:28','2024-12-20 12:33:28',NULL,10,7),(139,'dr. somsak','wankijcharoen','-dr. somsak-wankijcharoen-1734719609','1734719609-doctor.jpg',NULL,NULL,NULL,NULL,NULL,NULL,NULL,'male',NULL,NULL,'<div class=\"tw-flex tw-flex-col md:tw-space-y-12 sm:tw-space-y-10 tw-space-y-9 sm:tw-my-14 tw-my-10\"><div id=\"doctor-list\" class=\"tw-relative md:tw-rounded-3xl tw-rounded-xl md:tw-p-9 md:!tw-pt-20 sm:tw-p-6 sm:!tw-pt-14 tw-p-4 !tw-pt-12 education-wrapper\"><div class=\"tw-absolute tw-bg-bgh-white tw-top-0 tw-left-0 md:tw-skew-x-[-32deg] tw-skew-x-[-24deg] md:tw-pr-8 tw-pr-4 md:tw-rounded-br-xl tw-rounded-br-lg\"><h3 class=\"tw-capitalize md:tw-skew-x-[32deg] tw-skew-x-[24deg] md:tw-p-4 md:!tw-pr-0 tw-p-3 tw-bg-bgh-white tw-relative inverted-border-radius\">Education</h3></div><div class=\"tw-grid sm:tw-grid-cols-5 sm:tw-gap-6 tw-gap-1 tw-mt-6\"><h5 class=\"tw-text-primary tw-text-xl\">1993</h5><span class=\"tw-col-span-2 tw-text-lg tw-font-bold tw-text-primary\">Otolaryngology</span><span class=\"tw-col-span-2\">Rajavithi Hospital, Thailand</span></div><div class=\"tw-grid sm:tw-grid-cols-5 sm:tw-gap-6 tw-gap-1 tw-mt-6\"><h5 class=\"tw-text-primary tw-text-xl\">1987</h5><span class=\"tw-col-span-2 tw-text-lg tw-font-bold tw-text-primary\">Doctor of Medicine</span><span class=\"tw-col-span-2\">Siriraj Hospital, Mahidol University, Thailand</span></div></div></div>','{}','active','2024-12-20 12:33:29','2024-12-20 12:33:29',NULL,10,55),(140,'dr. sutthi','srinkapaibulaya','-dr. sutthi-srinkapaibulaya-1734719616','1734719616-doctor.jpg',NULL,NULL,NULL,NULL,NULL,NULL,NULL,'male',NULL,NULL,'<div class=\"tw-flex tw-flex-col md:tw-space-y-12 sm:tw-space-y-10 tw-space-y-9 sm:tw-my-14 tw-my-10\"><div id=\"doctor-list\" class=\"tw-relative md:tw-rounded-3xl tw-rounded-xl md:tw-p-9 md:!tw-pt-20 sm:tw-p-6 sm:!tw-pt-14 tw-p-4 !tw-pt-12 education-wrapper\"><div class=\"tw-absolute tw-bg-bgh-white tw-top-0 tw-left-0 md:tw-skew-x-[-32deg] tw-skew-x-[-24deg] md:tw-pr-8 tw-pr-4 md:tw-rounded-br-xl tw-rounded-br-lg\"><h3 class=\"tw-capitalize md:tw-skew-x-[32deg] tw-skew-x-[24deg] md:tw-p-4 md:!tw-pr-0 tw-p-3 tw-bg-bgh-white tw-relative inverted-border-radius\">Education</h3></div><div class=\"tw-grid sm:tw-grid-cols-5 sm:tw-gap-6 tw-gap-1 tw-mt-6\"><h5 class=\"tw-text-primary tw-text-xl\">1990</h5><span class=\"tw-col-span-2 tw-text-lg tw-font-bold tw-text-primary\">Psychiatry</span><span class=\"tw-col-span-2\">Siriraj Hospital, Thailand</span></div><div class=\"tw-grid sm:tw-grid-cols-5 sm:tw-gap-6 tw-gap-1 tw-mt-6\"><h5 class=\"tw-text-primary tw-text-xl\">1984</h5><span class=\"tw-col-span-2 tw-text-lg tw-font-bold tw-text-primary\">Doctor of Medicine</span><span class=\"tw-col-span-2\">Phramongkutklao College of Medicine, Thailand</span></div></div></div>','{}','active','2024-12-20 12:33:36','2024-12-20 12:33:36',NULL,10,43),(141,'dr. apichai','khongphatthanayothin','-dr. apichai-khongphatthanayothin-1734719617','1734719617-doctor.jpg',NULL,NULL,NULL,NULL,NULL,NULL,NULL,'male',NULL,NULL,'<div class=\"tw-container\"><div class=\"tw-relative sm:tw-py-12 tw-pb-10 tw-pt-6 tw-flex sm:tw-flex-row tw-flex-col sm:tw-items-start tw-items-center sm:tw-space-y-0 tw-space-y-7\"><h3 class=\"animated-underline tw-flex-none md-br ltr:md:tw-mr-24 ltr:sm:tw-mr-16 rtl:md:tw-ml-24 rtl:sm:tw-ml-16\">Treatments &amp;<br class=\"sm:tw-block tw-hidden\"> Services</h3><div class=\"tw-w-full sm:tw-grid tw-grid-cols-2 md:tw-gap-4 sm:tw-gap-3 md:tw-grid-cols-3\"><div class=\"tw-shadow-main-blue-light tw-rounded-md tw-capitalize tw-font-bold tw-bg-white sm:tw-scale-y-100 sm:tw-opacity-100 sm:tw-h-auto tw-origin-top tw-duration-200 tw-flex tw-items-center sm:tw-px-4 md:tw-py-5 sm:tw-py-4 sm:tw-mt-0 tw-mt-3 tw-px-4 tw-py-3 sm:tw-mt-0 tw-mt-3 tw-px-4 tw-py-3\"><span class=\"line-clamp-2\">Pediatric Cardiology</span></div><div class=\"tw-shadow-main-blue-light tw-rounded-md tw-capitalize tw-font-bold tw-bg-white sm:tw-scale-y-100 sm:tw-opacity-100 sm:tw-h-auto tw-origin-top tw-duration-200 tw-flex tw-items-center sm:tw-px-4 md:tw-py-5 sm:tw-py-4 sm:tw-mt-0 tw-mt-3 tw-px-4 tw-py-3 sm:tw-mt-0 tw-mt-3 tw-px-4 tw-py-3\"><span class=\"line-clamp-2\">Cardiovascular Genetic</span></div><div class=\"tw-shadow-main-blue-light tw-rounded-md tw-capitalize tw-font-bold tw-bg-white sm:tw-scale-y-100 sm:tw-opacity-100 sm:tw-h-auto tw-origin-top tw-duration-200 tw-flex tw-items-center sm:tw-px-4 md:tw-py-5 sm:tw-py-4 sm:tw-mt-0 tw-mt-3 tw-px-4 tw-py-3 sm:tw-mt-0 tw-mt-3 tw-px-4 tw-py-3\"><span class=\"line-clamp-2\">Pediatric Cardiovascular Genetics</span></div></div><div class=\"tw-items-center tw-justify-center tw-space-x-4 tw-mt-7 tw-cursor-pointer tw-hidden\"><span class=\"tw-font-bold tw-uppercase tw-text-primary\">See more</span><i class=\"fa fa-chevron-down tw-font-bold tw-text-primary tw-duration-200 \"></i></div></div></div>','{}','active','2024-12-20 12:33:37','2024-12-20 12:33:37',NULL,10,52),(142,'dr. apisamai','srirangson','-dr. apisamai-srirangson-1734719619','1734719619-doctor.jpg',NULL,NULL,NULL,NULL,NULL,NULL,NULL,'male',NULL,NULL,'<div class=\"tw-flex tw-flex-col md:tw-space-y-12 sm:tw-space-y-10 tw-space-y-9 sm:tw-my-14 tw-my-10\"><div id=\"doctor-list\" class=\"tw-relative md:tw-rounded-3xl tw-rounded-xl md:tw-p-9 md:!tw-pt-20 sm:tw-p-6 sm:!tw-pt-14 tw-p-4 !tw-pt-12 education-wrapper\"><div class=\"tw-absolute tw-bg-bgh-white tw-top-0 tw-left-0 md:tw-skew-x-[-32deg] tw-skew-x-[-24deg] md:tw-pr-8 tw-pr-4 md:tw-rounded-br-xl tw-rounded-br-lg\"><h3 class=\"tw-capitalize md:tw-skew-x-[32deg] tw-skew-x-[24deg] md:tw-p-4 md:!tw-pr-0 tw-p-3 tw-bg-bgh-white tw-relative inverted-border-radius\">Education</h3></div><div class=\"tw-grid sm:tw-grid-cols-5 sm:tw-gap-6 tw-gap-1 tw-mt-6\"><h5 class=\"tw-text-primary tw-text-xl\">2002</h5><span class=\"tw-col-span-2 tw-text-lg tw-font-bold tw-text-primary\">Psychiatry</span><span class=\"tw-col-span-2\">Siriraj Hospital, Thailand</span></div><div class=\"tw-grid sm:tw-grid-cols-5 sm:tw-gap-6 tw-gap-1 tw-mt-6\"><h5 class=\"tw-text-primary tw-text-xl\">1999</h5><span class=\"tw-col-span-2 tw-text-lg tw-font-bold tw-text-primary\">Doctor of Medicine</span><span class=\"tw-col-span-2\">Khon Kaen University, Thailand</span></div></div></div>','{}','active','2024-12-20 12:33:39','2024-12-20 12:33:39',NULL,10,43),(143,'asst. prof. dr. attapoom','susupaus','-asst. prof. dr. attapoom-susupaus-1734719620','1734719620-doctor.jpg',NULL,NULL,NULL,NULL,NULL,NULL,NULL,'male',NULL,NULL,'<div class=\"tw-container\"><div class=\"tw-relative sm:tw-py-12 tw-pb-10 tw-pt-6 tw-flex sm:tw-flex-row tw-flex-col sm:tw-items-start tw-items-center sm:tw-space-y-0 tw-space-y-7\"><h3 class=\"animated-underline tw-flex-none md-br ltr:md:tw-mr-24 ltr:sm:tw-mr-16 rtl:md:tw-ml-24 rtl:sm:tw-ml-16\">Treatments &amp;<br class=\"sm:tw-block tw-hidden\"> Services</h3><div class=\"tw-w-full sm:tw-grid tw-grid-cols-2 md:tw-gap-4 sm:tw-gap-3 md:tw-grid-cols-3\"><div class=\"tw-shadow-main-blue-light tw-rounded-md tw-capitalize tw-font-bold tw-bg-white sm:tw-scale-y-100 sm:tw-opacity-100 sm:tw-h-auto tw-origin-top tw-duration-200 tw-flex tw-items-center sm:tw-px-4 md:tw-py-5 sm:tw-py-4 sm:tw-mt-0 tw-mt-3 tw-px-4 tw-py-3 sm:tw-mt-0 tw-mt-3 tw-px-4 tw-py-3\"><span class=\"line-clamp-2\">Cardiac Surgery</span></div><div class=\"tw-shadow-main-blue-light tw-rounded-md tw-capitalize tw-font-bold tw-bg-white sm:tw-scale-y-100 sm:tw-opacity-100 sm:tw-h-auto tw-origin-top tw-duration-200 tw-flex tw-items-center sm:tw-px-4 md:tw-py-5 sm:tw-py-4 sm:tw-mt-0 tw-mt-3 tw-px-4 tw-py-3 sm:tw-mt-0 tw-mt-3 tw-px-4 tw-py-3\"><span class=\"line-clamp-2\">Advanced Heart Failure and Transplant Cardiology</span></div><div class=\"tw-shadow-main-blue-light tw-rounded-md tw-capitalize tw-font-bold tw-bg-white sm:tw-scale-y-100 sm:tw-opacity-100 sm:tw-h-auto tw-origin-top tw-duration-200 tw-flex tw-items-center sm:tw-px-4 md:tw-py-5 sm:tw-py-4 sm:tw-mt-0 tw-mt-3 tw-px-4 tw-py-3 sm:tw-mt-0 tw-mt-3 tw-px-4 tw-py-3\"><span class=\"line-clamp-2\">Cadio-Thoracic Surgery</span></div><div class=\"tw-shadow-main-blue-light tw-rounded-md tw-capitalize tw-font-bold tw-bg-white sm:tw-scale-y-100 sm:tw-opacity-100 sm:tw-h-auto tw-origin-top tw-duration-200 tw-flex tw-items-center sm:tw-px-4 md:tw-py-5 sm:tw-py-4 sm:tw-mt-0 tw-mt-3 tw-px-4 tw-py-3 sm:tw-mt-0 tw-mt-3 tw-px-4 tw-py-3\"><span class=\"line-clamp-2\">Minimally Invasive Surgery</span></div><div class=\"tw-shadow-main-blue-light tw-rounded-md tw-capitalize tw-font-bold tw-bg-white sm:tw-scale-y-100 sm:tw-opacity-100 sm:tw-h-auto tw-origin-top tw-duration-200 tw-flex tw-items-center sm:tw-px-4 md:tw-py-5 sm:tw-py-4 sm:tw-mt-0 tw-mt-3 tw-px-4 tw-py-3 sm:tw-mt-0 tw-mt-3 tw-px-4 tw-py-3\"><span class=\"line-clamp-2\">Treatment of Chest Pain (Angina)</span></div></div><div class=\"tw-items-center tw-justify-center tw-space-x-4 tw-mt-7 tw-cursor-pointer tw-hidden\"><span class=\"tw-font-bold tw-uppercase tw-text-primary\">See more</span><i class=\"fa fa-chevron-down tw-font-bold tw-text-primary tw-duration-200 \"></i></div></div></div>','{}','active','2024-12-20 12:33:40','2024-12-20 12:33:40',NULL,10,56),(144,'dr. akaraphan','suravilus','-dr. akaraphan-suravilus-1734719622','1734719622-doctor.jpg',NULL,NULL,NULL,NULL,NULL,NULL,NULL,'male',NULL,NULL,'<div class=\"tw-flex tw-flex-col md:tw-space-y-12 sm:tw-space-y-10 tw-space-y-9 sm:tw-my-14 tw-my-10\"><div id=\"doctor-list\" class=\"tw-relative md:tw-rounded-3xl tw-rounded-xl md:tw-p-9 md:!tw-pt-20 sm:tw-p-6 sm:!tw-pt-14 tw-p-4 !tw-pt-12 education-wrapper\"><div class=\"tw-absolute tw-bg-bgh-white tw-top-0 tw-left-0 md:tw-skew-x-[-32deg] tw-skew-x-[-24deg] md:tw-pr-8 tw-pr-4 md:tw-rounded-br-xl tw-rounded-br-lg\"><h3 class=\"tw-capitalize md:tw-skew-x-[32deg] tw-skew-x-[24deg] md:tw-p-4 md:!tw-pr-0 tw-p-3 tw-bg-bgh-white tw-relative inverted-border-radius\">Education</h3></div><div class=\"tw-grid sm:tw-grid-cols-5 sm:tw-gap-6 tw-gap-1 tw-mt-6\"><h5 class=\"tw-text-primary tw-text-xl\">2001</h5><span class=\"tw-col-span-2 tw-text-lg tw-font-bold tw-text-primary\">Family Medicine</span><span class=\"tw-col-span-2\">Chiang Mai University, Thailand</span></div><div class=\"tw-grid sm:tw-grid-cols-5 sm:tw-gap-6 tw-gap-1 tw-mt-6\"><h5 class=\"tw-text-primary tw-text-xl\">1997</h5><span class=\"tw-col-span-2 tw-text-lg tw-font-bold tw-text-primary\">General Practice</span><span class=\"tw-col-span-2\">Chiang Mai University, Thailand</span></div><div class=\"tw-grid sm:tw-grid-cols-5 sm:tw-gap-6 tw-gap-1 tw-mt-6\"><h5 class=\"tw-text-primary tw-text-xl\">1994</h5><span class=\"tw-col-span-2 tw-text-lg tw-font-bold tw-text-primary\">Doctor of Medicine</span><span class=\"tw-col-span-2\">Chiang Mai University, Thailand</span></div></div></div>','{}','active','2024-12-20 12:33:42','2024-12-20 12:33:42',NULL,10,1),(145,'dr. anyarit','sangcharaswichai','-dr. anyarit-sangcharaswichai-1734719623','1734719623-doctor.jpg',NULL,NULL,NULL,NULL,NULL,NULL,NULL,'male',NULL,NULL,'<div class=\"tw-container\"><div class=\"tw-relative sm:tw-py-12 tw-pb-10 tw-pt-6 tw-flex sm:tw-flex-row tw-flex-col sm:tw-items-start tw-items-center sm:tw-space-y-0 tw-space-y-7\"><h3 class=\"animated-underline tw-flex-none md-br ltr:md:tw-mr-24 ltr:sm:tw-mr-16 rtl:md:tw-ml-24 rtl:sm:tw-ml-16\">Treatments &amp;<br class=\"sm:tw-block tw-hidden\"> Services</h3><div class=\"tw-w-full sm:tw-grid tw-grid-cols-2 md:tw-gap-4 sm:tw-gap-3 md:tw-grid-cols-2\"><div class=\"tw-shadow-main-blue-light tw-rounded-md tw-capitalize tw-font-bold tw-bg-white sm:tw-scale-y-100 sm:tw-opacity-100 sm:tw-h-auto tw-origin-top tw-duration-200 tw-flex tw-items-center sm:tw-px-4 md:tw-py-5 sm:tw-py-4 sm:tw-mt-0 tw-mt-3 tw-px-4 tw-py-3 sm:tw-mt-0 tw-mt-3 tw-px-4 tw-py-3\"><span class=\"line-clamp-2\">Air Transport</span></div></div><div class=\"tw-items-center tw-justify-center tw-space-x-4 tw-mt-7 tw-cursor-pointer tw-hidden\"><span class=\"tw-font-bold tw-uppercase tw-text-primary\">See more</span><i class=\"fa fa-chevron-down tw-font-bold tw-text-primary tw-duration-200 \"></i></div></div></div>','{}','active','2024-12-20 12:33:43','2024-12-20 12:33:43',NULL,10,57),(146,'prof. dr. art','hiranyakas','-prof. dr. art-hiranyakas-1734719631','1734719631-doctor.jpg',NULL,NULL,NULL,NULL,NULL,NULL,NULL,'male',NULL,NULL,'<div class=\"tw-flex tw-flex-col md:tw-space-y-12 sm:tw-space-y-10 tw-space-y-9 sm:tw-my-14 tw-my-10\"><div id=\"doctor-list\" class=\"tw-relative md:tw-rounded-3xl tw-rounded-xl md:tw-p-9 md:!tw-pt-20 sm:tw-p-6 sm:!tw-pt-14 tw-p-4 !tw-pt-12 education-wrapper\"><div class=\"tw-absolute tw-bg-bgh-white tw-top-0 tw-left-0 md:tw-skew-x-[-32deg] tw-skew-x-[-24deg] md:tw-pr-8 tw-pr-4 md:tw-rounded-br-xl tw-rounded-br-lg\"><h3 class=\"tw-capitalize md:tw-skew-x-[32deg] tw-skew-x-[24deg] md:tw-p-4 md:!tw-pr-0 tw-p-3 tw-bg-bgh-white tw-relative inverted-border-radius\">Education</h3></div><div class=\"tw-grid sm:tw-grid-cols-5 sm:tw-gap-6 tw-gap-1 tw-mt-6\"><h5 class=\"tw-text-primary tw-text-xl\">2019</h5><span class=\"tw-col-span-2 tw-text-lg tw-font-bold tw-text-primary\">Doctor of Philosophy</span><span class=\"tw-col-span-2\">School of Medicine and Dentistry, James Cook University, Australia</span></div><div class=\"tw-grid sm:tw-grid-cols-5 sm:tw-gap-6 tw-gap-1 tw-mt-6\"><h5 class=\"tw-text-primary tw-text-xl\">2016</h5><span class=\"tw-col-span-2 tw-text-lg tw-font-bold tw-text-primary\">Colon and Rectal Surgery</span><span class=\"tw-col-span-2\">Thai Medical Council, Thailand</span></div><div class=\"tw-grid sm:tw-grid-cols-5 sm:tw-gap-6 tw-gap-1 tw-mt-6\"><h5 class=\"tw-text-primary tw-text-xl\">2015</h5><span class=\"tw-col-span-2 tw-text-lg tw-font-bold tw-text-primary\">Surgery</span><span class=\"tw-col-span-2\">Fellow of American College of Surgeons (FACS), United States</span></div><div class=\"tw-grid sm:tw-grid-cols-5 sm:tw-gap-6 tw-gap-1 tw-mt-6\"><h5 class=\"tw-text-primary tw-text-xl\">2015</h5><span class=\"tw-col-span-2 tw-text-lg tw-font-bold tw-text-primary\">Colon and Rectal Surgery</span><span class=\"tw-col-span-2\">Fellow of American Society of Colon and Rectal Surgeons (FASCRS), United States</span></div><div class=\"tw-grid sm:tw-grid-cols-5 sm:tw-gap-6 tw-gap-1 tw-mt-6\"><h5 class=\"tw-text-primary tw-text-xl\">2011</h5><span class=\"tw-col-span-2 tw-text-lg tw-font-bold tw-text-primary\">Certificate of Advanced Training in Colorectal Surgery</span><span class=\"tw-col-span-2\">Cleveland Clinic Foundation, United States</span></div><div class=\"tw-grid sm:tw-grid-cols-5 sm:tw-gap-6 tw-gap-1 tw-mt-6\"><h5 class=\"tw-text-primary tw-text-xl\">2008</h5><span class=\"tw-col-span-2 tw-text-lg tw-font-bold tw-text-primary\">Certificate of Advanced Laparoscopic Colorectal Surgery</span><span class=\"tw-col-span-2\">Queensland, Australia</span></div><div class=\"tw-grid sm:tw-grid-cols-5 sm:tw-gap-6 tw-gap-1 tw-mt-6\"><h5 class=\"tw-text-primary tw-text-xl\">2004</h5><span class=\"tw-col-span-2 tw-text-lg tw-font-bold tw-text-primary\">Certificate of Clinical Fellows in Colorectal Surgery and Pelvic Floor Physiology</span><span class=\"tw-col-span-2\">National University Hospital, Singapore</span></div><div class=\"tw-grid sm:tw-grid-cols-5 sm:tw-gap-6 tw-gap-1 tw-mt-6\"><h5 class=\"tw-text-primary tw-text-xl\">2002</h5><span class=\"tw-col-span-2 tw-text-lg tw-font-bold tw-text-primary\">Surgery</span><span class=\"tw-col-span-2\">Prince of Songkla University, Thailand</span></div><div class=\"tw-grid sm:tw-grid-cols-5 sm:tw-gap-6 tw-gap-1 tw-mt-6\"><h5 class=\"tw-text-primary tw-text-xl\">1998</h5><span class=\"tw-col-span-2 tw-text-lg tw-font-bold tw-text-primary\">Doctor of Medicine</span><span class=\"tw-col-span-2\">Prince of Songkla University, Thailand</span></div></div></div>','{}','active','2024-12-20 12:33:51','2024-12-20 12:33:51',NULL,10,7),(147,'dr. renu','ubol','-dr. renu-ubol-1734719637','1734719637-doctor.jpg',NULL,NULL,NULL,NULL,NULL,NULL,NULL,'male',NULL,NULL,'<div class=\"tw-flex tw-flex-col md:tw-space-y-12 sm:tw-space-y-10 tw-space-y-9 sm:tw-my-14 tw-my-10\"><div id=\"doctor-list\" class=\"tw-relative md:tw-rounded-3xl tw-rounded-xl md:tw-p-9 md:!tw-pt-20 sm:tw-p-6 sm:!tw-pt-14 tw-p-4 !tw-pt-12 education-wrapper\"><div class=\"tw-absolute tw-bg-bgh-white tw-top-0 tw-left-0 md:tw-skew-x-[-32deg] tw-skew-x-[-24deg] md:tw-pr-8 tw-pr-4 md:tw-rounded-br-xl tw-rounded-br-lg\"><h3 class=\"tw-capitalize md:tw-skew-x-[32deg] tw-skew-x-[24deg] md:tw-p-4 md:!tw-pr-0 tw-p-3 tw-bg-bgh-white tw-relative inverted-border-radius\">Education</h3></div><div class=\"tw-grid sm:tw-grid-cols-5 sm:tw-gap-6 tw-gap-1 tw-mt-6\"><h5 class=\"tw-text-primary tw-text-xl\">2003</h5><span class=\"tw-col-span-2 tw-text-lg tw-font-bold tw-text-primary\">Family Medicine</span><span class=\"tw-col-span-2\">Thai Medical Council, Thailand</span></div><div class=\"tw-grid sm:tw-grid-cols-5 sm:tw-gap-6 tw-gap-1 tw-mt-6\"><h5 class=\"tw-text-primary tw-text-xl\">1980</h5><span class=\"tw-col-span-2 tw-text-lg tw-font-bold tw-text-primary\">Doctor of Medicine</span><span class=\"tw-col-span-2\">Kyoto University, Japan</span></div></div></div>','{}','active','2024-12-20 12:33:57','2024-12-20 12:33:57',NULL,10,51),(148,'dr. lek','kanjanakomut','-dr. lek-kanjanakomut-1734719640','1734719640-doctor.jpg',NULL,NULL,NULL,NULL,NULL,NULL,NULL,'male',NULL,NULL,'<div class=\"tw-flex tw-flex-col md:tw-space-y-12 sm:tw-space-y-10 tw-space-y-9 sm:tw-my-14 tw-my-10\"><div id=\"doctor-list\" class=\"tw-relative md:tw-rounded-3xl tw-rounded-xl md:tw-p-9 md:!tw-pt-20 sm:tw-p-6 sm:!tw-pt-14 tw-p-4 !tw-pt-12 education-wrapper\"><div class=\"tw-absolute tw-bg-bgh-white tw-top-0 tw-left-0 md:tw-skew-x-[-32deg] tw-skew-x-[-24deg] md:tw-pr-8 tw-pr-4 md:tw-rounded-br-xl tw-rounded-br-lg\"><h3 class=\"tw-capitalize md:tw-skew-x-[32deg] tw-skew-x-[24deg] md:tw-p-4 md:!tw-pr-0 tw-p-3 tw-bg-bgh-white tw-relative inverted-border-radius\">Education</h3></div><div class=\"tw-grid sm:tw-grid-cols-5 sm:tw-gap-6 tw-gap-1 tw-mt-6\"><h5 class=\"tw-text-primary tw-text-xl\">1994</h5><span class=\"tw-col-span-2 tw-text-lg tw-font-bold tw-text-primary\">Plastic Surgery</span><span class=\"tw-col-span-2\">Siriraj Hospital, Thailand</span></div><div class=\"tw-grid sm:tw-grid-cols-5 sm:tw-gap-6 tw-gap-1 tw-mt-6\"><h5 class=\"tw-text-primary tw-text-xl\">1988</h5><span class=\"tw-col-span-2 tw-text-lg tw-font-bold tw-text-primary\">Doctor of Medicine</span><span class=\"tw-col-span-2\">Siriraj Hospital, Mahidol University, Thailand</span></div></div></div>','{}','active','2024-12-20 12:34:00','2024-12-20 12:34:00',NULL,10,58),(149,'dr. lertlak','chaothawee','-dr. lertlak-chaothawee-1734719646','1734719646-doctor.jpg',NULL,NULL,NULL,NULL,NULL,NULL,NULL,'male',NULL,NULL,'<div class=\"tw-container\"><div class=\"tw-relative sm:tw-py-12 tw-pb-10 tw-pt-6 tw-flex sm:tw-flex-row tw-flex-col sm:tw-items-start tw-items-center sm:tw-space-y-0 tw-space-y-7\"><h3 class=\"animated-underline tw-flex-none md-br ltr:md:tw-mr-24 ltr:sm:tw-mr-16 rtl:md:tw-ml-24 rtl:sm:tw-ml-16\">Treatments &amp;<br class=\"sm:tw-block tw-hidden\"> Services</h3><div class=\"tw-w-full sm:tw-grid tw-grid-cols-2 md:tw-gap-4 sm:tw-gap-3 md:tw-grid-cols-2\"><div class=\"tw-shadow-main-blue-light tw-rounded-md tw-capitalize tw-font-bold tw-bg-white sm:tw-scale-y-100 sm:tw-opacity-100 sm:tw-h-auto tw-origin-top tw-duration-200 tw-flex tw-items-center sm:tw-px-4 md:tw-py-5 sm:tw-py-4 sm:tw-mt-0 tw-mt-3 tw-px-4 tw-py-3 sm:tw-mt-0 tw-mt-3 tw-px-4 tw-py-3\"><span class=\"line-clamp-2\">Cardiac Magnetic Resonance Imaging (MRI)</span></div></div><div class=\"tw-items-center tw-justify-center tw-space-x-4 tw-mt-7 tw-cursor-pointer tw-hidden\"><span class=\"tw-font-bold tw-uppercase tw-text-primary\">See more</span><i class=\"fa fa-chevron-down tw-font-bold tw-text-primary tw-duration-200 \"></i></div></div></div>','{}','active','2024-12-20 12:34:06','2024-12-20 12:34:06',NULL,10,23),(150,'dr. kraisith','arya','-dr. kraisith-arya-1734719647','1734719647-doctor.jpg',NULL,NULL,NULL,NULL,NULL,NULL,NULL,'male',NULL,NULL,'<div class=\"tw-container\"><div class=\"tw-relative sm:tw-py-12 tw-pb-10 tw-pt-6 tw-flex sm:tw-flex-row tw-flex-col sm:tw-items-start tw-items-center sm:tw-space-y-0 tw-space-y-7\"><h3 class=\"animated-underline tw-flex-none md-br ltr:md:tw-mr-24 ltr:sm:tw-mr-16 rtl:md:tw-ml-24 rtl:sm:tw-ml-16\">Treatments &amp;<br class=\"sm:tw-block tw-hidden\"> Services</h3><div class=\"tw-w-full sm:tw-grid tw-grid-cols-2 md:tw-gap-4 sm:tw-gap-3 md:tw-grid-cols-3\"><div class=\"tw-shadow-main-blue-light tw-rounded-md tw-capitalize tw-font-bold tw-bg-white sm:tw-scale-y-100 sm:tw-opacity-100 sm:tw-h-auto tw-origin-top tw-duration-200 tw-flex tw-items-center sm:tw-px-4 md:tw-py-5 sm:tw-py-4 sm:tw-mt-0 tw-mt-3 tw-px-4 tw-py-3 sm:tw-mt-0 tw-mt-3 tw-px-4 tw-py-3\"><span class=\"line-clamp-2\">Acute Kidney Failure</span></div><div class=\"tw-shadow-main-blue-light tw-rounded-md tw-capitalize tw-font-bold tw-bg-white sm:tw-scale-y-100 sm:tw-opacity-100 sm:tw-h-auto tw-origin-top tw-duration-200 tw-flex tw-items-center sm:tw-px-4 md:tw-py-5 sm:tw-py-4 sm:tw-mt-0 tw-mt-3 tw-px-4 tw-py-3 sm:tw-mt-0 tw-mt-3 tw-px-4 tw-py-3\"><span class=\"line-clamp-2\">Chronic kidney disease</span></div><div class=\"tw-shadow-main-blue-light tw-rounded-md tw-capitalize tw-font-bold tw-bg-white sm:tw-scale-y-100 sm:tw-opacity-100 sm:tw-h-auto tw-origin-top tw-duration-200 tw-flex tw-items-center sm:tw-px-4 md:tw-py-5 sm:tw-py-4 sm:tw-mt-0 tw-mt-3 tw-px-4 tw-py-3 sm:tw-mt-0 tw-mt-3 tw-px-4 tw-py-3\"><span class=\"line-clamp-2\">Glomerulonephritis</span></div><div class=\"tw-shadow-main-blue-light tw-rounded-md tw-capitalize tw-font-bold tw-bg-white sm:tw-scale-y-100 sm:tw-opacity-100 sm:tw-h-auto tw-origin-top tw-duration-200 tw-flex tw-items-center sm:tw-px-4 md:tw-py-5 sm:tw-py-4 sm:tw-mt-0 tw-mt-3 tw-px-4 tw-py-3 sm:tw-mt-0 tw-mt-3 tw-px-4 tw-py-3\"><span class=\"line-clamp-2\">Polycystic Kidney Disease</span></div></div><div class=\"tw-items-center tw-justify-center tw-space-x-4 tw-mt-7 tw-cursor-pointer tw-hidden\"><span class=\"tw-font-bold tw-uppercase tw-text-primary\">See more</span><i class=\"fa fa-chevron-down tw-font-bold tw-text-primary tw-duration-200 \"></i></div></div></div>','{}','active','2024-12-20 12:34:07','2024-12-20 12:34:07',NULL,10,59),(151,'dr. paithoon','boonma','-dr. paithoon-boonma-1734719648','1734719648-doctor.jpg',NULL,NULL,NULL,NULL,NULL,NULL,NULL,'male',NULL,NULL,'<div class=\"tw-flex tw-flex-col md:tw-space-y-12 sm:tw-space-y-10 tw-space-y-9 sm:tw-my-14 tw-my-10\"><div id=\"doctor-list\" class=\"tw-relative md:tw-rounded-3xl tw-rounded-xl md:tw-p-9 md:!tw-pt-20 sm:tw-p-6 sm:!tw-pt-14 tw-p-4 !tw-pt-12 education-wrapper\"><div class=\"tw-absolute tw-bg-bgh-white tw-top-0 tw-left-0 md:tw-skew-x-[-32deg] tw-skew-x-[-24deg] md:tw-pr-8 tw-pr-4 md:tw-rounded-br-xl tw-rounded-br-lg\"><h3 class=\"tw-capitalize md:tw-skew-x-[32deg] tw-skew-x-[24deg] md:tw-p-4 md:!tw-pr-0 tw-p-3 tw-bg-bgh-white tw-relative inverted-border-radius\">Education</h3></div><div class=\"tw-grid sm:tw-grid-cols-5 sm:tw-gap-6 tw-gap-1 tw-mt-6\"><h5 class=\"tw-text-primary tw-text-xl\">2004</h5><span class=\"tw-col-span-2 tw-text-lg tw-font-bold tw-text-primary\">Infectious Diseases</span><span class=\"tw-col-span-2\">Thai Medical Council, Thailand</span></div><div class=\"tw-grid sm:tw-grid-cols-5 sm:tw-gap-6 tw-gap-1 tw-mt-6\"><h5 class=\"tw-text-primary tw-text-xl\">1984</h5><span class=\"tw-col-span-2 tw-text-lg tw-font-bold tw-text-primary\">Internal Medicine</span><span class=\"tw-col-span-2\">Ramathibodee Hospital, Thailand</span></div><div class=\"tw-grid sm:tw-grid-cols-5 sm:tw-gap-6 tw-gap-1 tw-mt-6\"><h5 class=\"tw-text-primary tw-text-xl\">1980</h5><span class=\"tw-col-span-2 tw-text-lg tw-font-bold tw-text-primary\">Doctor of Medicine</span><span class=\"tw-col-span-2\">Khon Kaen University, Thailand</span></div></div></div>','{}','active','2024-12-20 12:34:08','2024-12-20 12:34:08',NULL,10,23),(152,'dr. damrongpan','watanachote','-dr. damrongpan-watanachote-1734719650','1734719650-doctor.jpg',NULL,NULL,NULL,NULL,NULL,NULL,NULL,'male',NULL,NULL,'<div class=\"tw-container\"><div class=\"tw-relative sm:tw-py-12 tw-pb-10 tw-pt-6 tw-flex sm:tw-flex-row tw-flex-col sm:tw-items-start tw-items-center sm:tw-space-y-0 tw-space-y-7\"><h3 class=\"animated-underline tw-flex-none md-br ltr:md:tw-mr-24 ltr:sm:tw-mr-16 rtl:md:tw-ml-24 rtl:sm:tw-ml-16\">Treatments &amp;<br class=\"sm:tw-block tw-hidden\"> Services</h3><div class=\"tw-w-full sm:tw-grid tw-grid-cols-2 md:tw-gap-4 sm:tw-gap-3 md:tw-grid-cols-3\"><div class=\"tw-shadow-main-blue-light tw-rounded-md tw-capitalize tw-font-bold tw-bg-white sm:tw-scale-y-100 sm:tw-opacity-100 sm:tw-h-auto tw-origin-top tw-duration-200 tw-flex tw-items-center sm:tw-px-4 md:tw-py-5 sm:tw-py-4 sm:tw-mt-0 tw-mt-3 tw-px-4 tw-py-3 sm:tw-mt-0 tw-mt-3 tw-px-4 tw-py-3\"><span class=\"line-clamp-2\">Transurethral prostate surgery with Bipolar</span></div><div class=\"tw-shadow-main-blue-light tw-rounded-md tw-capitalize tw-font-bold tw-bg-white sm:tw-scale-y-100 sm:tw-opacity-100 sm:tw-h-auto tw-origin-top tw-duration-200 tw-flex tw-items-center sm:tw-px-4 md:tw-py-5 sm:tw-py-4 sm:tw-mt-0 tw-mt-3 tw-px-4 tw-py-3 sm:tw-mt-0 tw-mt-3 tw-px-4 tw-py-3\"><span class=\"line-clamp-2\">Transurethral resection of bladder tumor</span></div><div class=\"tw-shadow-main-blue-light tw-rounded-md tw-capitalize tw-font-bold tw-bg-white sm:tw-scale-y-100 sm:tw-opacity-100 sm:tw-h-auto tw-origin-top tw-duration-200 tw-flex tw-items-center sm:tw-px-4 md:tw-py-5 sm:tw-py-4 sm:tw-mt-0 tw-mt-3 tw-px-4 tw-py-3 sm:tw-mt-0 tw-mt-3 tw-px-4 tw-py-3\"><span class=\"line-clamp-2\">Kidney stone surgery and recurrence prevention</span></div><div class=\"tw-shadow-main-blue-light tw-rounded-md tw-capitalize tw-font-bold tw-bg-white sm:tw-scale-y-100 sm:tw-opacity-100 sm:tw-h-auto tw-origin-top tw-duration-200 tw-flex tw-items-center sm:tw-px-4 md:tw-py-5 sm:tw-py-4 sm:tw-mt-0 tw-mt-3 tw-px-4 tw-py-3 sm:tw-mt-0 tw-mt-3 tw-px-4 tw-py-3\"><span class=\"line-clamp-2\">Female urology</span></div><div class=\"tw-shadow-main-blue-light tw-rounded-md tw-capitalize tw-font-bold tw-bg-white sm:tw-scale-y-100 sm:tw-opacity-100 sm:tw-h-auto tw-origin-top tw-duration-200 tw-flex tw-items-center sm:tw-px-4 md:tw-py-5 sm:tw-py-4 sm:tw-mt-0 tw-mt-3 tw-px-4 tw-py-3 sm:tw-mt-0 tw-mt-3 tw-px-4 tw-py-3\"><span class=\"line-clamp-2\">Circumcision</span></div><div class=\"tw-shadow-main-blue-light tw-rounded-md tw-capitalize tw-font-bold tw-bg-white sm:tw-scale-y-100 sm:tw-opacity-100 sm:tw-h-auto tw-origin-top tw-duration-200 tw-flex tw-items-center sm:tw-px-4 md:tw-py-5 sm:tw-py-4 sm:tw-mt-0 tw-mt-3 tw-px-4 tw-py-3 sm:tw-mt-0 tw-mt-3 tw-px-4 tw-py-3\"><span class=\"line-clamp-2\">Vasectomy</span></div><div class=\"tw-shadow-main-blue-light tw-rounded-md tw-capitalize tw-font-bold tw-bg-white sm:tw-scale-y-100 sm:tw-opacity-100 sm:tw-h-auto tw-origin-top tw-duration-200 tw-flex tw-items-center sm:tw-px-4 md:tw-py-5 sm:tw-py-4 sm:tw-mt-0 tw-mt-3 tw-px-4 tw-py-3 sm:tw-mt-0 tw-mt-3 tw-px-4 tw-py-3\"><span class=\"line-clamp-2\">QRS PelviCenter</span></div></div><div class=\"tw-items-center tw-justify-center tw-space-x-4 tw-mt-7 tw-cursor-pointer tw-hidden\"><span class=\"tw-font-bold tw-uppercase tw-text-primary\">See more</span><i class=\"fa fa-chevron-down tw-font-bold tw-text-primary tw-duration-200 \"></i></div></div></div>','{}','active','2024-12-20 12:34:10','2024-12-20 12:34:10',NULL,10,1),(153,'dr. ratkawin','jitawatanarat','-dr. ratkawin-jitawatanarat-1734719652','1734719652-doctor.jpg',NULL,NULL,NULL,NULL,NULL,NULL,NULL,'male',NULL,NULL,'<div class=\"tw-flex tw-flex-col md:tw-space-y-12 sm:tw-space-y-10 tw-space-y-9 sm:tw-my-14 tw-my-10\"><div id=\"doctor-list\" class=\"tw-relative md:tw-rounded-3xl tw-rounded-xl md:tw-p-9 md:!tw-pt-20 sm:tw-p-6 sm:!tw-pt-14 tw-p-4 !tw-pt-12 education-wrapper\"><div class=\"tw-absolute tw-bg-bgh-white tw-top-0 tw-left-0 md:tw-skew-x-[-32deg] tw-skew-x-[-24deg] md:tw-pr-8 tw-pr-4 md:tw-rounded-br-xl tw-rounded-br-lg\"><h3 class=\"tw-capitalize md:tw-skew-x-[32deg] tw-skew-x-[24deg] md:tw-p-4 md:!tw-pr-0 tw-p-3 tw-bg-bgh-white tw-relative inverted-border-radius\">Education</h3></div><div class=\"tw-grid sm:tw-grid-cols-5 sm:tw-gap-6 tw-gap-1 tw-mt-6\"><h5 class=\"tw-text-primary tw-text-xl\">2015</h5><span class=\"tw-col-span-2 tw-text-lg tw-font-bold tw-text-primary\">Medical Oncology</span><span class=\"tw-col-span-2\">Thai Medical Council, Thailand</span></div><div class=\"tw-grid sm:tw-grid-cols-5 sm:tw-gap-6 tw-gap-1 tw-mt-6\"><h5 class=\"tw-text-primary tw-text-xl\">2014</h5><span class=\"tw-col-span-2 tw-text-lg tw-font-bold tw-text-primary\">Medicine - Hematology and Oncology</span><span class=\"tw-col-span-2\">State University of New York at Buffalo, United States</span></div><div class=\"tw-grid sm:tw-grid-cols-5 sm:tw-gap-6 tw-gap-1 tw-mt-6\"><h5 class=\"tw-text-primary tw-text-xl\">2011</h5><span class=\"tw-col-span-2 tw-text-lg tw-font-bold tw-text-primary\">Internal Medicine</span><span class=\"tw-col-span-2\">American Board of Internal Medicine, United States</span></div><div class=\"tw-grid sm:tw-grid-cols-5 sm:tw-gap-6 tw-gap-1 tw-mt-6\"><h5 class=\"tw-text-primary tw-text-xl\">2011</h5><span class=\"tw-col-span-2 tw-text-lg tw-font-bold tw-text-primary\">Internal Medicine</span><span class=\"tw-col-span-2\">Mary Imogene Bassett Hospital, United States</span></div><div class=\"tw-grid sm:tw-grid-cols-5 sm:tw-gap-6 tw-gap-1 tw-mt-6\"><h5 class=\"tw-text-primary tw-text-xl\">2003</h5><span class=\"tw-col-span-2 tw-text-lg tw-font-bold tw-text-primary\">Doctor of Medicine</span><span class=\"tw-col-span-2\">Siriraj Hospital, Mahidol University, Thailand</span></div></div></div>','{}','active','2024-12-20 12:34:12','2024-12-20 12:34:12',NULL,10,27),(154,'prof. em. dr. suchitra','prasansuk','-prof. em. dr. suchitra-prasansuk-1734719654','1734719654-doctor.jpg',NULL,NULL,NULL,NULL,NULL,NULL,NULL,'male',NULL,NULL,'<div class=\"tw-flex tw-flex-col md:tw-space-y-12 sm:tw-space-y-10 tw-space-y-9 sm:tw-my-14 tw-my-10\"><div id=\"doctor-list\" class=\"tw-relative md:tw-rounded-3xl tw-rounded-xl md:tw-p-9 md:!tw-pt-20 sm:tw-p-6 sm:!tw-pt-14 tw-p-4 !tw-pt-12 education-wrapper\"><div class=\"tw-absolute tw-bg-bgh-white tw-top-0 tw-left-0 md:tw-skew-x-[-32deg] tw-skew-x-[-24deg] md:tw-pr-8 tw-pr-4 md:tw-rounded-br-xl tw-rounded-br-lg\"><h3 class=\"tw-capitalize md:tw-skew-x-[32deg] tw-skew-x-[24deg] md:tw-p-4 md:!tw-pr-0 tw-p-3 tw-bg-bgh-white tw-relative inverted-border-radius\">Education</h3></div><div class=\"tw-grid sm:tw-grid-cols-5 sm:tw-gap-6 tw-gap-1 tw-mt-6\"><h5 class=\"tw-text-primary tw-text-xl\">1973</h5><span class=\"tw-col-span-2 tw-text-lg tw-font-bold tw-text-primary\">Otolaryngology</span><span class=\"tw-col-span-2\">Thai Medical Council, Thailand</span></div><div class=\"tw-grid sm:tw-grid-cols-5 sm:tw-gap-6 tw-gap-1 tw-mt-6\"><h5 class=\"tw-text-primary tw-text-xl\">1972</h5><span class=\"tw-col-span-2 tw-text-lg tw-font-bold tw-text-primary\">Otolaryngology</span><span class=\"tw-col-span-2\">University of London, United Kingdom</span></div><div class=\"tw-grid sm:tw-grid-cols-5 sm:tw-gap-6 tw-gap-1 tw-mt-6\"><h5 class=\"tw-text-primary tw-text-xl\">1970</h5><span class=\"tw-col-span-2 tw-text-lg tw-font-bold tw-text-primary\">Oto-Rhino-Laryngology</span><span class=\"tw-col-span-2\">University of Vienna, Austria</span></div><div class=\"tw-grid sm:tw-grid-cols-5 sm:tw-gap-6 tw-gap-1 tw-mt-6\"><h5 class=\"tw-text-primary tw-text-xl\">1964</h5><span class=\"tw-col-span-2 tw-text-lg tw-font-bold tw-text-primary\">Doctor of Medicine</span><span class=\"tw-col-span-2\">Mahidol University, Thailand</span></div></div></div>','{}','active','2024-12-20 12:34:14','2024-12-20 12:34:14',NULL,10,55),(155,'dr. k.kritt','wudhiphan','-dr. k.kritt-wudhiphan-1734719656','1734719656-doctor.jpg',NULL,NULL,NULL,NULL,NULL,NULL,NULL,'male',NULL,NULL,'<div class=\"tw-flex tw-flex-col md:tw-space-y-12 sm:tw-space-y-10 tw-space-y-9 sm:tw-my-14 tw-my-10\"><div id=\"doctor-list\" class=\"tw-relative md:tw-rounded-3xl tw-rounded-xl md:tw-p-9 md:!tw-pt-20 sm:tw-p-6 sm:!tw-pt-14 tw-p-4 !tw-pt-12 education-wrapper\"><div class=\"tw-absolute tw-bg-bgh-white tw-top-0 tw-left-0 md:tw-skew-x-[-32deg] tw-skew-x-[-24deg] md:tw-pr-8 tw-pr-4 md:tw-rounded-br-xl tw-rounded-br-lg\"><h3 class=\"tw-capitalize md:tw-skew-x-[32deg] tw-skew-x-[24deg] md:tw-p-4 md:!tw-pr-0 tw-p-3 tw-bg-bgh-white tw-relative inverted-border-radius\">Education</h3></div><div class=\"tw-grid sm:tw-grid-cols-5 sm:tw-gap-6 tw-gap-1 tw-mt-6\"><h5 class=\"tw-text-primary tw-text-xl\">2002</h5><span class=\"tw-col-span-2 tw-text-lg tw-font-bold tw-text-primary\">Family Medicine</span><span class=\"tw-col-span-2\">Thai Medical Council, Thailand</span></div><div class=\"tw-grid sm:tw-grid-cols-5 sm:tw-gap-6 tw-gap-1 tw-mt-6\"><h5 class=\"tw-text-primary tw-text-xl\">1994</h5><span class=\"tw-col-span-2 tw-text-lg tw-font-bold tw-text-primary\">Pediatrics</span><span class=\"tw-col-span-2\">Thai Medical Council, Thailand</span></div><div class=\"tw-grid sm:tw-grid-cols-5 sm:tw-gap-6 tw-gap-1 tw-mt-6\"><h5 class=\"tw-text-primary tw-text-xl\">1990</h5><span class=\"tw-col-span-2 tw-text-lg tw-font-bold tw-text-primary\">Doctor of Medicine</span><span class=\"tw-col-span-2\">Siriraj Hospital, Mahidol University, Thailand</span></div></div></div>','{}','active','2024-12-20 12:34:16','2024-12-20 12:34:16',NULL,10,1),(156,'dr. kanoknid','limvipaveanan','-dr. kanoknid-limvipaveanan-1734719664','1734719664-doctor.jpg',NULL,NULL,NULL,NULL,NULL,NULL,NULL,'male',NULL,NULL,'<div class=\"tw-container\"><div class=\"tw-relative sm:tw-py-12 tw-pb-10 tw-pt-6 tw-flex sm:tw-flex-row tw-flex-col sm:tw-items-start tw-items-center sm:tw-space-y-0 tw-space-y-7\"><h3 class=\"animated-underline tw-flex-none md-br ltr:md:tw-mr-24 ltr:sm:tw-mr-16 rtl:md:tw-ml-24 rtl:sm:tw-ml-16\">Treatments &amp;<br class=\"sm:tw-block tw-hidden\"> Services</h3><div class=\"tw-w-full sm:tw-grid tw-grid-cols-2 md:tw-gap-4 sm:tw-gap-3 md:tw-grid-cols-3\"><div class=\"tw-shadow-main-blue-light tw-rounded-md tw-capitalize tw-font-bold tw-bg-white sm:tw-scale-y-100 sm:tw-opacity-100 sm:tw-h-auto tw-origin-top tw-duration-200 tw-flex tw-items-center sm:tw-px-4 md:tw-py-5 sm:tw-py-4 sm:tw-mt-0 tw-mt-3 tw-px-4 tw-py-3 sm:tw-mt-0 tw-mt-3 tw-px-4 tw-py-3\"><span class=\"line-clamp-2\">Chemotherapy</span></div><div class=\"tw-shadow-main-blue-light tw-rounded-md tw-capitalize tw-font-bold tw-bg-white sm:tw-scale-y-100 sm:tw-opacity-100 sm:tw-h-auto tw-origin-top tw-duration-200 tw-flex tw-items-center sm:tw-px-4 md:tw-py-5 sm:tw-py-4 sm:tw-mt-0 tw-mt-3 tw-px-4 tw-py-3 sm:tw-mt-0 tw-mt-3 tw-px-4 tw-py-3\"><span class=\"line-clamp-2\">Targeted Therapy</span></div><div class=\"tw-shadow-main-blue-light tw-rounded-md tw-capitalize tw-font-bold tw-bg-white sm:tw-scale-y-100 sm:tw-opacity-100 sm:tw-h-auto tw-origin-top tw-duration-200 tw-flex tw-items-center sm:tw-px-4 md:tw-py-5 sm:tw-py-4 sm:tw-mt-0 tw-mt-3 tw-px-4 tw-py-3 sm:tw-mt-0 tw-mt-3 tw-px-4 tw-py-3\"><span class=\"line-clamp-2\">Immunotherapy</span></div><div class=\"tw-shadow-main-blue-light tw-rounded-md tw-capitalize tw-font-bold tw-bg-white sm:tw-scale-y-100 sm:tw-opacity-100 sm:tw-h-auto tw-origin-top tw-duration-200 tw-flex tw-items-center sm:tw-px-4 md:tw-py-5 sm:tw-py-4 sm:tw-mt-0 tw-mt-3 tw-px-4 tw-py-3 sm:tw-mt-0 tw-mt-3 tw-px-4 tw-py-3\"><span class=\"line-clamp-2\">Hormone Therapy</span></div><div class=\"tw-shadow-main-blue-light tw-rounded-md tw-capitalize tw-font-bold tw-bg-white sm:tw-scale-y-100 sm:tw-opacity-100 sm:tw-h-auto tw-origin-top tw-duration-200 tw-flex tw-items-center sm:tw-px-4 md:tw-py-5 sm:tw-py-4 sm:tw-mt-0 tw-mt-3 tw-px-4 tw-py-3 sm:tw-mt-0 tw-mt-3 tw-px-4 tw-py-3\"><span class=\"line-clamp-2\">Precision Medicine</span></div></div><div class=\"tw-items-center tw-justify-center tw-space-x-4 tw-mt-7 tw-cursor-pointer tw-hidden\"><span class=\"tw-font-bold tw-uppercase tw-text-primary\">See more</span><i class=\"fa fa-chevron-down tw-font-bold tw-text-primary tw-duration-200 \"></i></div></div></div>','{}','active','2024-12-20 12:34:24','2024-12-20 12:34:24',NULL,10,60),(157,'assoc. prof. dr. kanokwan','nisapakultorn','-assoc. prof. dr. kanokwan-nisapakultorn-1734719667','1734719667-doctor.jpg',NULL,NULL,NULL,NULL,NULL,NULL,NULL,'male',NULL,NULL,'<div class=\"tw-container\"><div class=\"tw-relative sm:tw-py-12 tw-pb-10 tw-pt-6 tw-flex sm:tw-flex-row tw-flex-col sm:tw-items-start tw-items-center sm:tw-space-y-0 tw-space-y-7\"><h3 class=\"animated-underline tw-flex-none md-br ltr:md:tw-mr-24 ltr:sm:tw-mr-16 rtl:md:tw-ml-24 rtl:sm:tw-ml-16\">Treatments &amp;<br class=\"sm:tw-block tw-hidden\"> Services</h3><div class=\"tw-w-full sm:tw-grid tw-grid-cols-2 md:tw-gap-4 sm:tw-gap-3 md:tw-grid-cols-3\"><div class=\"tw-shadow-main-blue-light tw-rounded-md tw-capitalize tw-font-bold tw-bg-white sm:tw-scale-y-100 sm:tw-opacity-100 sm:tw-h-auto tw-origin-top tw-duration-200 tw-flex tw-items-center sm:tw-px-4 md:tw-py-5 sm:tw-py-4 sm:tw-mt-0 tw-mt-3 tw-px-4 tw-py-3 sm:tw-mt-0 tw-mt-3 tw-px-4 tw-py-3\"><span class=\"line-clamp-2\">Dental Implant (Surgery)</span></div><div class=\"tw-shadow-main-blue-light tw-rounded-md tw-capitalize tw-font-bold tw-bg-white sm:tw-scale-y-100 sm:tw-opacity-100 sm:tw-h-auto tw-origin-top tw-duration-200 tw-flex tw-items-center sm:tw-px-4 md:tw-py-5 sm:tw-py-4 sm:tw-mt-0 tw-mt-3 tw-px-4 tw-py-3 sm:tw-mt-0 tw-mt-3 tw-px-4 tw-py-3\"><span class=\"line-clamp-2\">Esthetic Crown Lengthening Surgery</span></div><div class=\"tw-shadow-main-blue-light tw-rounded-md tw-capitalize tw-font-bold tw-bg-white sm:tw-scale-y-100 sm:tw-opacity-100 sm:tw-h-auto tw-origin-top tw-duration-200 tw-flex tw-items-center sm:tw-px-4 md:tw-py-5 sm:tw-py-4 sm:tw-mt-0 tw-mt-3 tw-px-4 tw-py-3 sm:tw-mt-0 tw-mt-3 tw-px-4 tw-py-3\"><span class=\"line-clamp-2\">Gingival Graft Surgery</span></div><div class=\"tw-shadow-main-blue-light tw-rounded-md tw-capitalize tw-font-bold tw-bg-white sm:tw-scale-y-100 sm:tw-opacity-100 sm:tw-h-auto tw-origin-top tw-duration-200 tw-flex tw-items-center sm:tw-px-4 md:tw-py-5 sm:tw-py-4 sm:tw-mt-0 tw-mt-3 tw-px-4 tw-py-3 sm:tw-mt-0 tw-mt-3 tw-px-4 tw-py-3\"><span class=\"line-clamp-2\">Periodontal Bone Regeneration Surgery</span></div><div class=\"tw-shadow-main-blue-light tw-rounded-md tw-capitalize tw-font-bold tw-bg-white sm:tw-scale-y-100 sm:tw-opacity-100 sm:tw-h-auto tw-origin-top tw-duration-200 tw-flex tw-items-center sm:tw-px-4 md:tw-py-5 sm:tw-py-4 sm:tw-mt-0 tw-mt-3 tw-px-4 tw-py-3 sm:tw-mt-0 tw-mt-3 tw-px-4 tw-py-3\"><span class=\"line-clamp-2\">Laser Dentistry for Periodontics</span></div></div><div class=\"tw-items-center tw-justify-center tw-space-x-4 tw-mt-7 tw-cursor-pointer tw-hidden\"><span class=\"tw-font-bold tw-uppercase tw-text-primary\">See more</span><i class=\"fa fa-chevron-down tw-font-bold tw-text-primary tw-duration-200 \"></i></div></div></div>','{}','active','2024-12-20 12:34:27','2024-12-20 12:34:27',NULL,10,61),(158,'dr. kamol','ruengthong','-dr. kamol-ruengthong-1734719671','1734719671-doctor.jpg',NULL,NULL,NULL,NULL,NULL,NULL,NULL,'male',NULL,NULL,'<div class=\"tw-container\"><div class=\"tw-relative sm:tw-py-12 tw-pb-10 tw-pt-6 tw-flex sm:tw-flex-row tw-flex-col sm:tw-items-start tw-items-center sm:tw-space-y-0 tw-space-y-7\"><h3 class=\"animated-underline tw-flex-none md-br ltr:md:tw-mr-24 ltr:sm:tw-mr-16 rtl:md:tw-ml-24 rtl:sm:tw-ml-16\">Treatments &amp;<br class=\"sm:tw-block tw-hidden\"> Services</h3><div class=\"tw-w-full sm:tw-grid tw-grid-cols-2 md:tw-gap-4 sm:tw-gap-3 md:tw-grid-cols-3\"><div class=\"tw-shadow-main-blue-light tw-rounded-md tw-capitalize tw-font-bold tw-bg-white sm:tw-scale-y-100 sm:tw-opacity-100 sm:tw-h-auto tw-origin-top tw-duration-200 tw-flex tw-items-center sm:tw-px-4 md:tw-py-5 sm:tw-py-4 sm:tw-mt-0 tw-mt-3 tw-px-4 tw-py-3 sm:tw-mt-0 tw-mt-3 tw-px-4 tw-py-3\"><span class=\"line-clamp-2\">Varicose veins</span></div><div class=\"tw-shadow-main-blue-light tw-rounded-md tw-capitalize tw-font-bold tw-bg-white sm:tw-scale-y-100 sm:tw-opacity-100 sm:tw-h-auto tw-origin-top tw-duration-200 tw-flex tw-items-center sm:tw-px-4 md:tw-py-5 sm:tw-py-4 sm:tw-mt-0 tw-mt-3 tw-px-4 tw-py-3 sm:tw-mt-0 tw-mt-3 tw-px-4 tw-py-3\"><span class=\"line-clamp-2\">Treating varicose veins without surgery</span></div><div class=\"tw-shadow-main-blue-light tw-rounded-md tw-capitalize tw-font-bold tw-bg-white sm:tw-scale-y-100 sm:tw-opacity-100 sm:tw-h-auto tw-origin-top tw-duration-200 tw-flex tw-items-center sm:tw-px-4 md:tw-py-5 sm:tw-py-4 sm:tw-mt-0 tw-mt-3 tw-px-4 tw-py-3 sm:tw-mt-0 tw-mt-3 tw-px-4 tw-py-3\"><span class=\"line-clamp-2\">Leg pain due to blood clot</span></div><div class=\"tw-shadow-main-blue-light tw-rounded-md tw-capitalize tw-font-bold tw-bg-white sm:tw-scale-y-100 sm:tw-opacity-100 sm:tw-h-auto tw-origin-top tw-duration-200 tw-flex tw-items-center sm:tw-px-4 md:tw-py-5 sm:tw-py-4 sm:tw-mt-0 tw-mt-3 tw-px-4 tw-py-3 sm:tw-mt-0 tw-mt-3 tw-px-4 tw-py-3\"><span class=\"line-clamp-2\">Treating diabetic wounds from circulatory problem</span></div><div class=\"tw-shadow-main-blue-light tw-rounded-md tw-capitalize tw-font-bold tw-bg-white sm:tw-scale-y-100 sm:tw-opacity-100 sm:tw-h-auto tw-origin-top tw-duration-200 tw-flex tw-items-center sm:tw-px-4 md:tw-py-5 sm:tw-py-4 sm:tw-mt-0 tw-mt-3 tw-px-4 tw-py-3 sm:tw-mt-0 tw-mt-3 tw-px-4 tw-py-3\"><span class=\"line-clamp-2\">Torn arteries due to accidents</span></div><div class=\"tw-shadow-main-blue-light tw-rounded-md tw-capitalize tw-font-bold tw-bg-white sm:tw-scale-y-100 sm:tw-opacity-100 sm:tw-h-auto tw-origin-top tw-duration-200 tw-flex tw-items-center sm:tw-px-4 md:tw-py-5 sm:tw-py-4 sm:tw-mt-0 tw-mt-3 tw-px-4 tw-py-3 sm:tw-mt-0 tw-mt-3 tw-px-4 tw-py-3\"><span class=\"line-clamp-2\">Blood clots due to accidents</span></div><div class=\"tw-shadow-main-blue-light tw-rounded-md tw-capitalize tw-font-bold tw-bg-white sm:tw-scale-y-100 sm:tw-opacity-100 sm:tw-h-auto tw-origin-top tw-duration-200 tw-flex tw-items-center sm:tw-px-4 md:tw-py-5 sm:tw-py-4 sm:tw-mt-0 tw-mt-3 tw-px-4 tw-py-3 sm:tw-mt-0 tw-mt-3 tw-px-4 tw-py-3\"><span class=\"line-clamp-2\">Treating chronic wounds</span></div><div class=\"tw-shadow-main-blue-light tw-rounded-md tw-capitalize tw-font-bold tw-bg-white sm:tw-scale-y-100 sm:tw-opacity-100 sm:tw-h-auto tw-origin-top tw-duration-200 tw-flex tw-items-center sm:tw-px-4 md:tw-py-5 sm:tw-py-4 sm:tw-mt-0 tw-mt-3 tw-px-4 tw-py-3 sm:tw-mt-0 tw-mt-3 tw-px-4 tw-py-3\"><span class=\"line-clamp-2\">Arteriovenous fistula preparation for hemodialysis</span></div><div class=\"tw-shadow-main-blue-light tw-rounded-md tw-capitalize tw-font-bold tw-bg-white sm:tw-scale-y-100 sm:tw-opacity-100 sm:tw-h-auto tw-origin-top tw-duration-200 tw-flex tw-items-center sm:tw-px-4 md:tw-py-5 sm:tw-py-4 sm:tw-mt-0 tw-mt-3 tw-px-4 tw-py-3 max-sm:tw-scale-y-0 max-sm:tw-opacity-0 max-sm:tw-h-0 max-sm:!tw-m-0 max-sm:!tw-p-0\"><span class=\"line-clamp-2\">Treating hernia</span></div><div class=\"tw-shadow-main-blue-light tw-rounded-md tw-capitalize tw-font-bold tw-bg-white sm:tw-scale-y-100 sm:tw-opacity-100 sm:tw-h-auto tw-origin-top tw-duration-200 tw-flex tw-items-center sm:tw-px-4 md:tw-py-5 sm:tw-py-4 sm:tw-mt-0 tw-mt-3 tw-px-4 tw-py-3 max-sm:tw-scale-y-0 max-sm:tw-opacity-0 max-sm:tw-h-0 max-sm:!tw-m-0 max-sm:!tw-p-0\"><span class=\"line-clamp-2\">Treating gallbladder conditions</span></div><div class=\"tw-shadow-main-blue-light tw-rounded-md tw-capitalize tw-font-bold tw-bg-white sm:tw-scale-y-100 sm:tw-opacity-100 sm:tw-h-auto tw-origin-top tw-duration-200 tw-flex tw-items-center sm:tw-px-4 md:tw-py-5 sm:tw-py-4 sm:tw-mt-0 tw-mt-3 tw-px-4 tw-py-3 max-sm:tw-scale-y-0 max-sm:tw-opacity-0 max-sm:tw-h-0 max-sm:!tw-m-0 max-sm:!tw-p-0\"><span class=\"line-clamp-2\">Colic and abdominal  tightness on the right side</span></div><div class=\"tw-shadow-main-blue-light tw-rounded-md tw-capitalize tw-font-bold tw-bg-white sm:tw-scale-y-100 sm:tw-opacity-100 sm:tw-h-auto tw-origin-top tw-duration-200 tw-flex tw-items-center sm:tw-px-4 md:tw-py-5 sm:tw-py-4 sm:tw-mt-0 tw-mt-3 tw-px-4 tw-py-3 max-sm:tw-scale-y-0 max-sm:tw-opacity-0 max-sm:tw-h-0 max-sm:!tw-m-0 max-sm:!tw-p-0\"><span class=\"line-clamp-2\">Treating cramps and leg pains</span></div></div><div class=\"tw-items-center tw-justify-center tw-space-x-4 tw-mt-7 tw-cursor-pointer sm:tw-hidden tw-flex\"><span class=\"tw-font-bold tw-uppercase tw-text-primary\">See more</span><i class=\"fa fa-chevron-down tw-font-bold tw-text-primary tw-duration-200 \"></i></div></div></div>','{}','active','2024-12-20 12:34:31','2024-12-20 12:34:31',NULL,10,1),(159,'dr. krong-on','pinyoluksana','-dr. krong-on-pinyoluksana-1734719686','1734719686-doctor.jpg',NULL,NULL,NULL,NULL,NULL,NULL,NULL,'male',NULL,NULL,'<div class=\"tw-container\"><div class=\"tw-relative sm:tw-py-12 tw-pb-10 tw-pt-6 tw-flex sm:tw-flex-row tw-flex-col sm:tw-items-start tw-items-center sm:tw-space-y-0 tw-space-y-7\"><h3 class=\"animated-underline tw-flex-none md-br ltr:md:tw-mr-24 ltr:sm:tw-mr-16 rtl:md:tw-ml-24 rtl:sm:tw-ml-16\">Treatments &amp;<br class=\"sm:tw-block tw-hidden\"> Services</h3><div class=\"tw-w-full sm:tw-grid tw-grid-cols-2 md:tw-gap-4 sm:tw-gap-3 md:tw-grid-cols-3\"><div class=\"tw-shadow-main-blue-light tw-rounded-md tw-capitalize tw-font-bold tw-bg-white sm:tw-scale-y-100 sm:tw-opacity-100 sm:tw-h-auto tw-origin-top tw-duration-200 tw-flex tw-items-center sm:tw-px-4 md:tw-py-5 sm:tw-py-4 sm:tw-mt-0 tw-mt-3 tw-px-4 tw-py-3 sm:tw-mt-0 tw-mt-3 tw-px-4 tw-py-3\"><span class=\"line-clamp-2\">Cardiology</span></div><div class=\"tw-shadow-main-blue-light tw-rounded-md tw-capitalize tw-font-bold tw-bg-white sm:tw-scale-y-100 sm:tw-opacity-100 sm:tw-h-auto tw-origin-top tw-duration-200 tw-flex tw-items-center sm:tw-px-4 md:tw-py-5 sm:tw-py-4 sm:tw-mt-0 tw-mt-3 tw-px-4 tw-py-3 sm:tw-mt-0 tw-mt-3 tw-px-4 tw-py-3\"><span class=\"line-clamp-2\">Coronary Artery Disease</span></div><div class=\"tw-shadow-main-blue-light tw-rounded-md tw-capitalize tw-font-bold tw-bg-white sm:tw-scale-y-100 sm:tw-opacity-100 sm:tw-h-auto tw-origin-top tw-duration-200 tw-flex tw-items-center sm:tw-px-4 md:tw-py-5 sm:tw-py-4 sm:tw-mt-0 tw-mt-3 tw-px-4 tw-py-3 sm:tw-mt-0 tw-mt-3 tw-px-4 tw-py-3\"><span class=\"line-clamp-2\">Congenital Heart Disease</span></div><div class=\"tw-shadow-main-blue-light tw-rounded-md tw-capitalize tw-font-bold tw-bg-white sm:tw-scale-y-100 sm:tw-opacity-100 sm:tw-h-auto tw-origin-top tw-duration-200 tw-flex tw-items-center sm:tw-px-4 md:tw-py-5 sm:tw-py-4 sm:tw-mt-0 tw-mt-3 tw-px-4 tw-py-3 sm:tw-mt-0 tw-mt-3 tw-px-4 tw-py-3\"><span class=\"line-clamp-2\">Echocardiography &amp; 3-D Echocardiography</span></div></div><div class=\"tw-items-center tw-justify-center tw-space-x-4 tw-mt-7 tw-cursor-pointer tw-hidden\"><span class=\"tw-font-bold tw-uppercase tw-text-primary\">See more</span><i class=\"fa fa-chevron-down tw-font-bold tw-text-primary tw-duration-200 \"></i></div></div></div>','{}','active','2024-12-20 12:34:46','2024-12-20 12:34:46',NULL,10,23),(160,'dr. kritdipha','ningunha','-dr. kritdipha-ningunha-1734719696','1734719696-doctor.jpg',NULL,NULL,NULL,NULL,NULL,NULL,NULL,'male',NULL,NULL,'<div class=\"tw-flex tw-flex-col md:tw-space-y-12 sm:tw-space-y-10 tw-space-y-9 sm:tw-my-14 tw-my-10\"><div id=\"doctor-list\" class=\"tw-relative md:tw-rounded-3xl tw-rounded-xl md:tw-p-9 md:!tw-pt-20 sm:tw-p-6 sm:!tw-pt-14 tw-p-4 !tw-pt-12 education-wrapper\"><div class=\"tw-absolute tw-bg-bgh-white tw-top-0 tw-left-0 md:tw-skew-x-[-32deg] tw-skew-x-[-24deg] md:tw-pr-8 tw-pr-4 md:tw-rounded-br-xl tw-rounded-br-lg\"><h3 class=\"tw-capitalize md:tw-skew-x-[32deg] tw-skew-x-[24deg] md:tw-p-4 md:!tw-pr-0 tw-p-3 tw-bg-bgh-white tw-relative inverted-border-radius\">Education</h3></div><div class=\"tw-grid sm:tw-grid-cols-5 sm:tw-gap-6 tw-gap-1 tw-mt-6\"><h5 class=\"tw-text-primary tw-text-xl\">2019</h5><span class=\"tw-col-span-2 tw-text-lg tw-font-bold tw-text-primary\">Diagnostic Neuroimaging</span><span class=\"tw-col-span-2\">Thai Medical Council, Thailand</span></div><div class=\"tw-grid sm:tw-grid-cols-5 sm:tw-gap-6 tw-gap-1 tw-mt-6\"><h5 class=\"tw-text-primary tw-text-xl\">2017</h5><span class=\"tw-col-span-2 tw-text-lg tw-font-bold tw-text-primary\">Diagnostic Radiology</span><span class=\"tw-col-span-2\">Siriraj Hospital, Thailand</span></div><div class=\"tw-grid sm:tw-grid-cols-5 sm:tw-gap-6 tw-gap-1 tw-mt-6\"><h5 class=\"tw-text-primary tw-text-xl\">2011</h5><span class=\"tw-col-span-2 tw-text-lg tw-font-bold tw-text-primary\">Doctor of Medicine</span><span class=\"tw-col-span-2\">Siriraj Hospital, Mahidol University, Thailand</span></div></div></div>','{}','active','2024-12-20 12:34:56','2024-12-20 12:34:56',NULL,10,62),(161,'dr. krisnapong','tansanguan','-dr. krisnapong-tansanguan-1734719700','1734719700-doctor.jpg',NULL,NULL,NULL,NULL,NULL,NULL,NULL,'male',NULL,NULL,'<div class=\"tw-flex tw-flex-col md:tw-space-y-12 sm:tw-space-y-10 tw-space-y-9 sm:tw-my-14 tw-my-10\"><div id=\"doctor-list\" class=\"tw-relative md:tw-rounded-3xl tw-rounded-xl md:tw-p-9 md:!tw-pt-20 sm:tw-p-6 sm:!tw-pt-14 tw-p-4 !tw-pt-12 education-wrapper\"><div class=\"tw-absolute tw-bg-bgh-white tw-top-0 tw-left-0 md:tw-skew-x-[-32deg] tw-skew-x-[-24deg] md:tw-pr-8 tw-pr-4 md:tw-rounded-br-xl tw-rounded-br-lg\"><h3 class=\"tw-capitalize md:tw-skew-x-[32deg] tw-skew-x-[24deg] md:tw-p-4 md:!tw-pr-0 tw-p-3 tw-bg-bgh-white tw-relative inverted-border-radius\">Education</h3></div><div class=\"tw-grid sm:tw-grid-cols-5 sm:tw-gap-6 tw-gap-1 tw-mt-6\"><h5 class=\"tw-text-primary tw-text-xl\">1984</h5><span class=\"tw-col-span-2 tw-text-lg tw-font-bold tw-text-primary\">Internal Medicine</span><span class=\"tw-col-span-2\">Siriraj Hospital, Thailand</span></div><div class=\"tw-grid sm:tw-grid-cols-5 sm:tw-gap-6 tw-gap-1 tw-mt-6\"><h5 class=\"tw-text-primary tw-text-xl\">1979</h5><span class=\"tw-col-span-2 tw-text-lg tw-font-bold tw-text-primary\">Doctor of Medicine</span><span class=\"tw-col-span-2\">All-India Institute of Medical Sciences, India</span></div></div></div>','{}','active','2024-12-20 12:35:00','2024-12-20 12:35:00',NULL,10,23);
/*!40000 ALTER TABLE `doctors` ENABLE KEYS */;
UNLOCK TABLES;
DROP TABLE IF EXISTS `doctors_hospitals`;
/*!40101 SET @saved_cs_client     = @@character_set_client */;
/*!50503 SET character_set_client = utf8mb4 */;
CREATE TABLE `doctors_hospitals` (
  `id` bigint unsigned NOT NULL AUTO_INCREMENT,
  `doctor_id` bigint unsigned NOT NULL,
  `hospital_id` bigint unsigned NOT NULL,
  PRIMARY KEY (`id`)
) ENGINE=InnoDB AUTO_INCREMENT=203 DEFAULT CHARSET=utf8mb4 COLLATE=utf8mb4_unicode_ci;
/*!40101 SET character_set_client = @saved_cs_client */;

LOCK TABLES `doctors_hospitals` WRITE;
/*!40000 ALTER TABLE `doctors_hospitals` DISABLE KEYS */;
INSERT INTO `doctors_hospitals` VALUES (1,62,1),(2,63,1),(3,64,1),(4,65,1),(5,66,1),(6,67,1),(7,68,1),(8,69,1),(9,70,1),(10,1,1),(11,2,1),(12,3,1),(13,4,1),(14,5,1),(15,6,1),(16,7,1),(17,8,1),(18,9,1),(19,10,1),(20,11,1),(21,12,1),(22,13,1),(23,14,1),(24,15,1),(25,16,1),(26,17,1),(27,18,1),(28,19,1),(29,20,1),(30,21,1),(31,22,1),(32,23,1),(33,24,1),(34,25,1),(35,26,1),(36,27,1),(37,28,1),(38,29,1),(39,30,1),(40,31,1),(41,32,1),(42,33,1),(43,1,1),(44,2,1),(45,3,1),(46,4,1),(47,5,1),(48,6,1),(49,7,1),(50,8,1),(51,9,1),(52,10,1),(53,11,1),(54,12,1),(55,13,1),(56,14,1),(57,15,1),(58,16,1),(59,17,1),(60,18,1),(61,19,1),(62,20,1),(63,21,1),(64,22,1),(65,23,1),(66,24,1),(67,25,1),(68,26,1),(69,27,1),(70,28,1),(71,29,1),(72,30,1),(73,31,1),(74,32,1),(75,33,1),(76,34,1),(77,35,1),(78,36,1),(79,37,1),(80,38,1),(81,39,1),(82,40,1),(83,41,1),(84,42,1),(85,43,1),(86,44,1),(87,45,1),(88,46,1),(89,47,1),(90,48,1),(91,49,1),(92,50,1),(93,51,1),(94,52,1),(95,53,1),(96,54,1),(97,55,1),(98,56,1),(99,57,1),(100,58,1),(101,59,1),(102,60,1),(103,61,1),(104,62,1),(105,63,1),(106,64,1),(107,65,1),(108,66,1),(109,67,1),(110,68,1),(111,69,1),(112,70,1),(113,71,1),(114,72,1),(115,73,1),(116,74,1),(117,75,1),(118,76,1),(119,77,1),(120,78,1),(121,79,1),(122,80,1),(123,81,1),(124,82,1),(125,83,1),(126,84,1),(127,85,1),(128,86,1),(129,87,1),(130,88,1),(131,89,1),(132,90,1),(133,91,1),(134,92,1),(135,93,1),(136,94,1),(137,95,1),(138,96,1),(139,97,1),(140,98,1),(141,99,1),(142,100,1),(143,101,1),(144,102,1),(145,103,102),(146,104,102),(147,105,102),(148,106,102),(149,107,102),(150,108,102),(151,109,102),(152,110,102),(153,111,102),(154,112,102),(155,113,102),(156,114,102),(157,115,102),(158,116,102),(159,117,103),(160,118,103),(161,119,103),(162,120,103),(163,121,103),(164,122,103),(165,123,103),(166,124,103),(167,125,103),(168,126,103),(169,127,103),(170,128,103),(171,129,103),(172,130,103),(173,131,103),(174,132,103),(175,133,103),(176,134,103),(177,135,103),(178,136,103),(179,137,103),(180,138,103),(181,139,103),(182,140,103),(183,141,103),(184,142,103),(185,143,103),(186,144,103),(187,145,103),(188,146,103),(189,147,103),(190,148,103),(191,149,103),(192,150,103),(193,151,103),(194,152,103),(195,153,103),(196,154,103),(197,155,103),(198,156,103),(199,157,103),(200,158,103),(201,159,103),(202,160,103);
/*!40000 ALTER TABLE `doctors_hospitals` ENABLE KEYS */;
UNLOCK TABLES;
DROP TABLE IF EXISTS `doctors_languages`;
/*!40101 SET @saved_cs_client     = @@character_set_client */;
/*!50503 SET character_set_client = utf8mb4 */;
CREATE TABLE `doctors_languages` (
  `id` bigint unsigned NOT NULL AUTO_INCREMENT,
  `doctor_id` bigint unsigned NOT NULL,
  `language_id` bigint unsigned NOT NULL,
  `created_at` timestamp NULL DEFAULT NULL,
  `updated_at` timestamp NULL DEFAULT NULL,
  PRIMARY KEY (`id`)
) ENGINE=InnoDB DEFAULT CHARSET=utf8mb4 COLLATE=utf8mb4_unicode_ci;
/*!40101 SET character_set_client = @saved_cs_client */;

LOCK TABLES `doctors_languages` WRITE;
/*!40000 ALTER TABLE `doctors_languages` DISABLE KEYS */;
/*!40000 ALTER TABLE `doctors_languages` ENABLE KEYS */;
UNLOCK TABLES;
DROP TABLE IF EXISTS `doctors_specialties`;
/*!40101 SET @saved_cs_client     = @@character_set_client */;
/*!50503 SET character_set_client = utf8mb4 */;
CREATE TABLE `doctors_specialties` (
  `id` bigint unsigned NOT NULL AUTO_INCREMENT,
  `speciality_id` bigint unsigned NOT NULL,
  `doctor_id` bigint unsigned NOT NULL,
  `status` enum('active','inactive') COLLATE utf8mb4_unicode_ci NOT NULL DEFAULT 'active',
  `created_at` timestamp NULL DEFAULT NULL,
  `updated_at` timestamp NULL DEFAULT NULL,
  PRIMARY KEY (`id`)
) ENGINE=InnoDB DEFAULT CHARSET=utf8mb4 COLLATE=utf8mb4_unicode_ci;
/*!40101 SET character_set_client = @saved_cs_client */;

LOCK TABLES `doctors_specialties` WRITE;
/*!40000 ALTER TABLE `doctors_specialties` DISABLE KEYS */;
/*!40000 ALTER TABLE `doctors_specialties` ENABLE KEYS */;
UNLOCK TABLES;
DROP TABLE IF EXISTS `failed_jobs`;
/*!40101 SET @saved_cs_client     = @@character_set_client */;
/*!50503 SET character_set_client = utf8mb4 */;
CREATE TABLE `failed_jobs` (
  `id` bigint unsigned NOT NULL AUTO_INCREMENT,
  `uuid` varchar(255) COLLATE utf8mb4_unicode_ci NOT NULL,
  `connection` text COLLATE utf8mb4_unicode_ci NOT NULL,
  `queue` text COLLATE utf8mb4_unicode_ci NOT NULL,
  `payload` longtext COLLATE utf8mb4_unicode_ci NOT NULL,
  `exception` longtext COLLATE utf8mb4_unicode_ci NOT NULL,
  `failed_at` timestamp NOT NULL DEFAULT CURRENT_TIMESTAMP,
  PRIMARY KEY (`id`),
  UNIQUE KEY `failed_jobs_uuid_unique` (`uuid`)
) ENGINE=InnoDB DEFAULT CHARSET=utf8mb4 COLLATE=utf8mb4_unicode_ci;
/*!40101 SET character_set_client = @saved_cs_client */;

LOCK TABLES `failed_jobs` WRITE;
/*!40000 ALTER TABLE `failed_jobs` DISABLE KEYS */;
/*!40000 ALTER TABLE `failed_jobs` ENABLE KEYS */;
UNLOCK TABLES;
DROP TABLE IF EXISTS `hospitals`;
/*!40101 SET @saved_cs_client     = @@character_set_client */;
/*!50503 SET character_set_client = utf8mb4 */;
CREATE TABLE `hospitals` (
  `id` bigint unsigned NOT NULL AUTO_INCREMENT,
  `name` varchar(255) COLLATE utf8mb4_unicode_ci NOT NULL,
  `slug` varchar(255) COLLATE utf8mb4_unicode_ci DEFAULT NULL,
  `image` varchar(255) COLLATE utf8mb4_unicode_ci NOT NULL DEFAULT 'default_hospital.png',
  `address` varchar(255) COLLATE utf8mb4_unicode_ci DEFAULT NULL,
  `moto` longtext COLLATE utf8mb4_unicode_ci,
  `state` varchar(255) COLLATE utf8mb4_unicode_ci DEFAULT NULL,
  `zipcode` varchar(255) COLLATE utf8mb4_unicode_ci DEFAULT NULL,
  `phone` varchar(255) COLLATE utf8mb4_unicode_ci DEFAULT NULL,
  `phone_2` varchar(255) COLLATE utf8mb4_unicode_ci DEFAULT NULL,
  `public` tinyint(1) NOT NULL DEFAULT '0',
  `type` enum('General','Specialty','Cardiac','Oncology','Child Care','Orthopedic','Psychiatric','University','Rehabilitation','Trauma','Veteran','Rural','Private','Government','Critical Access','Outpatient','Long-Term Care','Research') COLLATE utf8mb4_unicode_ci NOT NULL DEFAULT 'General',
  `created_at` timestamp NULL DEFAULT NULL,
  `updated_at` timestamp NULL DEFAULT NULL,
  `item_in_homepage_slider` tinyint(1) NOT NULL DEFAULT '0',
  `city_id` bigint unsigned DEFAULT NULL,
  PRIMARY KEY (`id`),
  UNIQUE KEY `hospitals_slug_unique` (`slug`)
) ENGINE=InnoDB AUTO_INCREMENT=104 DEFAULT CHARSET=utf8mb4 COLLATE=utf8mb4_unicode_ci;
/*!40101 SET character_set_client = @saved_cs_client */;

LOCK TABLES `hospitals` WRITE;
/*!40000 ALTER TABLE `hospitals` DISABLE KEYS */;
INSERT INTO `hospitals` VALUES (1,'Evercare Hospital Dhaka','evercare-hospital-dhaka','1734573640-hospital.jpg',NULL,NULL,NULL,NULL,NULL,NULL,0,'General','2024-12-18 20:00:40','2024-12-18 20:00:40',0,1),(103,'Bangkok Hospital','bangkok-hospital','1734719527-hospital.jpg',NULL,NULL,NULL,NULL,NULL,NULL,0,'General','2024-12-20 12:32:07','2024-12-20 12:32:07',0,10);
/*!40000 ALTER TABLE `hospitals` ENABLE KEYS */;
UNLOCK TABLES;
DROP TABLE IF EXISTS `hospitals_labs`;
/*!40101 SET @saved_cs_client     = @@character_set_client */;
/*!50503 SET character_set_client = utf8mb4 */;
CREATE TABLE `hospitals_labs` (
  `id` bigint unsigned NOT NULL AUTO_INCREMENT,
  `lab_id` bigint unsigned NOT NULL,
  `hospital_id` bigint unsigned NOT NULL,
  PRIMARY KEY (`id`),
  KEY `hospitals_labs_lab_id_foreign` (`lab_id`),
  KEY `hospitals_labs_hospital_id_foreign` (`hospital_id`),
  CONSTRAINT `hospitals_labs_hospital_id_foreign` FOREIGN KEY (`hospital_id`) REFERENCES `hospitals` (`id`) ON DELETE CASCADE,
  CONSTRAINT `hospitals_labs_lab_id_foreign` FOREIGN KEY (`lab_id`) REFERENCES `labs` (`id`) ON DELETE CASCADE
) ENGINE=InnoDB DEFAULT CHARSET=utf8mb4 COLLATE=utf8mb4_unicode_ci;
/*!40101 SET character_set_client = @saved_cs_client */;

LOCK TABLES `hospitals_labs` WRITE;
/*!40000 ALTER TABLE `hospitals_labs` DISABLE KEYS */;
/*!40000 ALTER TABLE `hospitals_labs` ENABLE KEYS */;
UNLOCK TABLES;
DROP TABLE IF EXISTS `hospitals_specialities`;
/*!40101 SET @saved_cs_client     = @@character_set_client */;
/*!50503 SET character_set_client = utf8mb4 */;
CREATE TABLE `hospitals_specialities` (
  `id` bigint unsigned NOT NULL AUTO_INCREMENT,
  `speciality_id` bigint unsigned NOT NULL,
  `hospital_id` bigint unsigned NOT NULL,
  PRIMARY KEY (`id`)
) ENGINE=InnoDB DEFAULT CHARSET=utf8mb4 COLLATE=utf8mb4_unicode_ci;
/*!40101 SET character_set_client = @saved_cs_client */;

LOCK TABLES `hospitals_specialities` WRITE;
/*!40000 ALTER TABLE `hospitals_specialities` DISABLE KEYS */;
/*!40000 ALTER TABLE `hospitals_specialities` ENABLE KEYS */;
UNLOCK TABLES;
DROP TABLE IF EXISTS `labs`;
/*!40101 SET @saved_cs_client     = @@character_set_client */;
/*!50503 SET character_set_client = utf8mb4 */;
CREATE TABLE `labs` (
  `id` bigint unsigned NOT NULL AUTO_INCREMENT,
  `name` varchar(255) COLLATE utf8mb4_unicode_ci NOT NULL,
  `description` varchar(255) COLLATE utf8mb4_unicode_ci DEFAULT NULL,
  `image` varchar(255) COLLATE utf8mb4_unicode_ci DEFAULT NULL,
  `created_at` timestamp NULL DEFAULT NULL,
  `updated_at` timestamp NULL DEFAULT NULL,
  PRIMARY KEY (`id`)
) ENGINE=InnoDB AUTO_INCREMENT=51 DEFAULT CHARSET=utf8mb4 COLLATE=utf8mb4_unicode_ci;
/*!40101 SET character_set_client = @saved_cs_client */;

LOCK TABLES `labs` WRITE;
/*!40000 ALTER TABLE `labs` DISABLE KEYS */;
INSERT INTO `labs` VALUES (1,'Clinical Chemistry Lab','Analyzes blood and body fluids to detect chemical components.',NULL,'2024-12-11 03:37:09','2024-12-11 03:37:09'),(2,'Hematology Lab','Studies blood and its disorders, including cell counts and coagulation.',NULL,'2024-12-11 03:37:09','2024-12-11 03:37:09'),(3,'Microbiology Lab','Identifies and analyzes microorganisms, including bacteria and fungi.',NULL,'2024-12-11 03:37:09','2024-12-11 03:37:09'),(4,'Pathology Lab','Examines tissues and cells to diagnose diseases.',NULL,'2024-12-11 03:37:09','2024-12-11 03:37:09'),(5,'Immunology Lab','Focuses on the immune system and its related disorders.',NULL,'2024-12-11 03:37:09','2024-12-11 03:37:09'),(6,'Blood Bank (Transfusion Medicine)','Handles blood products for transfusions and ensures safety.',NULL,'2024-12-11 03:37:09','2024-12-11 03:37:09'),(7,'Toxicology Lab','Tests for toxic substances in biological samples.',NULL,'2024-12-11 03:37:09','2024-12-11 03:37:09'),(8,'Molecular Diagnostics Lab','Utilizes molecular biology techniques for disease diagnosis.',NULL,'2024-12-11 03:37:09','2024-12-11 03:37:09'),(9,'Genetics Lab','Analyzes genetic material to identify inherited disorders.',NULL,'2024-12-11 03:37:09','2024-12-11 03:37:09'),(10,'Serology Lab','Tests blood serum for antibodies and antigens.',NULL,'2024-12-11 03:37:09','2024-12-11 03:37:09'),(11,'Histology Lab','Prepares and examines tissue samples for disease diagnosis.',NULL,'2024-12-11 03:37:09','2024-12-11 03:37:09'),(12,'Cytology Lab','Studies cells from various body fluids to detect abnormalities.',NULL,'2024-12-11 03:37:09','2024-12-11 03:37:09'),(13,'Urinalysis Lab','Analyzes urine samples to diagnose health conditions.',NULL,'2024-12-11 03:37:09','2024-12-11 03:37:09'),(14,'Phlebotomy Lab','Handles blood sample collection and processing.',NULL,'2024-12-11 03:37:09','2024-12-11 03:37:09'),(15,'Radiology Lab','Uses imaging techniques to diagnose and monitor diseases.',NULL,'2024-12-11 03:37:09','2024-12-11 03:37:09'),(16,'Nuclear Medicine Lab','Uses radioactive materials for diagnosis and treatment.',NULL,'2024-12-11 03:37:09','2024-12-11 03:37:09'),(17,'Electrophysiology Lab','Studies electrical activity in the heart and nervous system.',NULL,'2024-12-11 03:37:09','2024-12-11 03:37:09'),(18,'Cardiology Lab (Cardiac Cath Lab)','Performs invasive tests and procedures on the heart.',NULL,'2024-12-11 03:37:09','2024-12-11 03:37:09'),(19,'Endocrinology Lab','Tests hormones and endocrine system functions.',NULL,'2024-12-11 03:37:09','2024-12-11 03:37:09'),(20,'Dermatopathology Lab','Examines skin samples to diagnose skin diseases.',NULL,'2024-12-11 03:37:09','2024-12-11 03:37:09'),(21,'Bacteriology Lab','Specifically focuses on the study of bacteria.',NULL,'2024-12-11 03:37:09','2024-12-11 03:37:09'),(22,'Virology Lab','Identifies and analyzes viruses and viral infections.',NULL,'2024-12-11 03:37:09','2024-12-11 03:37:09'),(23,'Parasitology Lab','Studies parasites and parasitic diseases.',NULL,'2024-12-11 03:37:09','2024-12-11 03:37:09'),(24,'Fungal Culture Lab','Cultivates and identifies fungi from clinical samples.',NULL,'2024-12-11 03:37:09','2024-12-11 03:37:09'),(25,'Clinical Trial Lab','Conducts laboratory tests for clinical research studies.',NULL,'2024-12-11 03:37:09','2024-12-11 03:37:09'),(26,'Point-of-Care Testing Lab','Provides immediate test results at the site of patient care.',NULL,'2024-12-11 03:37:09','2024-12-11 03:37:09'),(27,'Advanced Imaging Lab','Utilizes advanced imaging techniques like MRI and CT scans.',NULL,'2024-12-11 03:37:09','2024-12-11 03:37:09'),(28,'Sleep Study Lab (Polysomnography)','Monitors patients\' sleep patterns for sleep disorders.',NULL,'2024-12-11 03:37:09','2024-12-11 03:37:09'),(29,'Neurophysiology Lab','Studies the nervous system\'s functions through various tests.',NULL,'2024-12-11 03:37:09','2024-12-11 03:37:09'),(30,'Cytogenetics Lab','Analyzes chromosomes for genetic abnormalities.',NULL,'2024-12-11 03:37:09','2024-12-11 03:37:09'),(31,'Reproductive Lab (Andrology and IVF)','Focuses on reproductive health and fertility treatments.',NULL,'2024-12-11 03:37:09','2024-12-11 03:37:09'),(32,'Nutrition Lab (Dietetic Services)','Assesses nutritional needs and dietary planning.',NULL,'2024-12-11 03:37:09','2024-12-11 03:37:09'),(33,'Pediatric Lab','Provides lab services tailored for children\'s health.',NULL,'2024-12-11 03:37:09','2024-12-11 03:37:09'),(34,'Veterinary Lab (for animal studies)','Conducts lab tests and research related to animal health.',NULL,'2024-12-11 03:37:09','2024-12-11 03:37:09'),(35,'Orthopedic Lab (for joint studies)','Studies musculoskeletal disorders and injuries.',NULL,'2024-12-11 03:37:09','2024-12-11 03:37:09'),(36,'Oncology Lab (for cancer diagnostics)','Focuses on diagnosing and monitoring cancer.',NULL,'2024-12-11 03:37:09','2024-12-11 03:37:09'),(37,'Gastroenterology Lab','Analyzes digestive system issues and disorders.',NULL,'2024-12-11 03:37:09','2024-12-11 03:37:09'),(38,'Pulmonary Function Lab','Tests lung function and respiratory health.',NULL,'2024-12-11 03:37:09','2024-12-11 03:37:09'),(39,'Audiology Lab','Conducts hearing tests and assessments.',NULL,'2024-12-11 03:37:09','2024-12-11 03:37:09'),(40,'Physical Therapy Lab','Provides therapy and rehabilitation for physical injuries.',NULL,'2024-12-11 03:37:09','2024-12-11 03:37:09'),(41,'Radiation Oncology Lab','Delivers radiation treatment for cancer patients.',NULL,'2024-12-11 03:37:09','2024-12-11 03:37:09'),(42,'Infectious Disease Lab','Focuses on diagnosing and managing infectious diseases.',NULL,'2024-12-11 03:37:09','2024-12-11 03:37:09'),(43,'Chronic Disease Management Lab','Monitors and manages chronic health conditions.',NULL,'2024-12-11 03:37:09','2024-12-11 03:37:09'),(44,'Emergency Lab','Provides rapid testing and results for emergency cases.',NULL,'2024-12-11 03:37:09','2024-12-11 03:37:09'),(45,'Quality Control Lab','Ensures lab tests meet quality standards and regulations.',NULL,'2024-12-11 03:37:09','2024-12-11 03:37:09'),(46,'Research Lab (for clinical research)','Conducts experiments and studies for medical advancements.',NULL,'2024-12-11 03:37:09','2024-12-11 03:37:09'),(47,'Pharmacogenomics Lab','Studies how genes affect individual responses to drugs.',NULL,'2024-12-11 03:37:09','2024-12-11 03:37:09'),(48,'Bioinformatics Lab','Utilizes software and tools to analyze biological data.',NULL,'2024-12-11 03:37:09','2024-12-11 03:37:09'),(49,'Health Informatics Lab','Focuses on the management of health information systems.',NULL,'2024-12-11 03:37:09','2024-12-11 03:37:09'),(50,'Laboratory Information System (LIS) Lab','Manages data and processes within the laboratory.',NULL,'2024-12-11 03:37:09','2024-12-11 03:37:09');
/*!40000 ALTER TABLE `labs` ENABLE KEYS */;
UNLOCK TABLES;
DROP TABLE IF EXISTS `languages`;
/*!40101 SET @saved_cs_client     = @@character_set_client */;
/*!50503 SET character_set_client = utf8mb4 */;
CREATE TABLE `languages` (
  `id` bigint unsigned NOT NULL AUTO_INCREMENT,
  `name` varchar(255) COLLATE utf8mb4_unicode_ci NOT NULL,
  `code` varchar(255) COLLATE utf8mb4_unicode_ci DEFAULT NULL,
  `created_at` timestamp NULL DEFAULT NULL,
  `updated_at` timestamp NULL DEFAULT NULL,
  PRIMARY KEY (`id`)
) ENGINE=InnoDB AUTO_INCREMENT=7 DEFAULT CHARSET=utf8mb4 COLLATE=utf8mb4_unicode_ci;
/*!40101 SET character_set_client = @saved_cs_client */;

LOCK TABLES `languages` WRITE;
/*!40000 ALTER TABLE `languages` DISABLE KEYS */;
INSERT INTO `languages` VALUES (1,'Bangla',NULL,'2024-12-11 03:37:09','2024-12-11 03:37:09'),(2,'English',NULL,'2024-12-11 03:37:09','2024-12-11 03:37:09'),(3,'Hindi',NULL,'2024-12-11 03:37:09','2024-12-11 03:37:09'),(4,'Tamil',NULL,'2024-12-11 03:37:09','2024-12-11 03:37:09'),(5,'Thai',NULL,'2024-12-11 03:37:09','2024-12-11 03:37:09'),(6,'Malay',NULL,'2024-12-11 03:37:09','2024-12-11 03:37:09');
/*!40000 ALTER TABLE `languages` ENABLE KEYS */;
UNLOCK TABLES;
DROP TABLE IF EXISTS `main_sliders`;
/*!40101 SET @saved_cs_client     = @@character_set_client */;
/*!50503 SET character_set_client = utf8mb4 */;
CREATE TABLE `main_sliders` (
  `id` bigint unsigned NOT NULL AUTO_INCREMENT,
  `image` varchar(255) COLLATE utf8mb4_unicode_ci NOT NULL,
  `link` text COLLATE utf8mb4_unicode_ci NOT NULL,
  `title` varchar(255) COLLATE utf8mb4_unicode_ci DEFAULT NULL,
  `created_at` timestamp NULL DEFAULT NULL,
  `updated_at` timestamp NULL DEFAULT NULL,
  PRIMARY KEY (`id`)
) ENGINE=InnoDB DEFAULT CHARSET=utf8mb4 COLLATE=utf8mb4_unicode_ci;
/*!40101 SET character_set_client = @saved_cs_client */;

LOCK TABLES `main_sliders` WRITE;
/*!40000 ALTER TABLE `main_sliders` DISABLE KEYS */;
/*!40000 ALTER TABLE `main_sliders` ENABLE KEYS */;
UNLOCK TABLES;
DROP TABLE IF EXISTS `migrations`;
/*!40101 SET @saved_cs_client     = @@character_set_client */;
/*!50503 SET character_set_client = utf8mb4 */;
CREATE TABLE `migrations` (
  `id` int unsigned NOT NULL AUTO_INCREMENT,
  `migration` varchar(255) COLLATE utf8mb4_unicode_ci NOT NULL,
  `batch` int NOT NULL,
  PRIMARY KEY (`id`)
) ENGINE=InnoDB AUTO_INCREMENT=22 DEFAULT CHARSET=utf8mb4 COLLATE=utf8mb4_unicode_ci;
/*!40101 SET character_set_client = @saved_cs_client */;

LOCK TABLES `migrations` WRITE;
/*!40000 ALTER TABLE `migrations` DISABLE KEYS */;
INSERT INTO `migrations` VALUES (1,'2014_10_12_000000_create_users_table',1),(2,'2014_10_12_100000_create_password_reset_tokens_table',1),(3,'2019_08_19_000000_create_failed_jobs_table',1),(4,'2019_12_14_000001_create_personal_access_tokens_table',1),(5,'2023_01_14_131713_create_tags_table',1),(6,'2024_01_04_120346_create_departments_table',1),(7,'2024_08_27_025427_create_countries_table',1),(8,'2024_09_01_113803_create_specialties_table',1),(9,'2024_09_21_123653_create_doctors_table',1),(10,'2024_09_21_123705_create_cities_table',1),(11,'2024_09_24_202513_create_settings_table',1),(12,'2024_09_28_183803_create_doctors_specialties_table',1),(13,'2024_09_29_231021_create_languages_table',1),(14,'2024_10_01_001859_create_labs_table',1),(15,'2024_10_14_131714_create_blogs_table',1),(16,'2024_11_18_090235_create_services_table',1),(17,'2024_12_09_113913_create_main_sliders_table',1),(18,'2024_12_11_051752_create_diagnostic_centers_table',1),(19,'2024_12_21_193630_create_hospitals_table',1),(20,'2024_12_21_195647_doctor_hospital_migration',1),(21,'2024_12_31_125637_create_appointments_table',1);
/*!40000 ALTER TABLE `migrations` ENABLE KEYS */;
UNLOCK TABLES;
DROP TABLE IF EXISTS `password_reset_tokens`;
/*!40101 SET @saved_cs_client     = @@character_set_client */;
/*!50503 SET character_set_client = utf8mb4 */;
CREATE TABLE `password_reset_tokens` (
  `email` varchar(255) COLLATE utf8mb4_unicode_ci NOT NULL,
  `token` varchar(255) COLLATE utf8mb4_unicode_ci NOT NULL,
  `created_at` timestamp NULL DEFAULT NULL,
  PRIMARY KEY (`email`)
) ENGINE=InnoDB DEFAULT CHARSET=utf8mb4 COLLATE=utf8mb4_unicode_ci;
/*!40101 SET character_set_client = @saved_cs_client */;

LOCK TABLES `password_reset_tokens` WRITE;
/*!40000 ALTER TABLE `password_reset_tokens` DISABLE KEYS */;
/*!40000 ALTER TABLE `password_reset_tokens` ENABLE KEYS */;
UNLOCK TABLES;
DROP TABLE IF EXISTS `personal_access_tokens`;
/*!40101 SET @saved_cs_client     = @@character_set_client */;
/*!50503 SET character_set_client = utf8mb4 */;
CREATE TABLE `personal_access_tokens` (
  `id` bigint unsigned NOT NULL AUTO_INCREMENT,
  `tokenable_type` varchar(255) COLLATE utf8mb4_unicode_ci NOT NULL,
  `tokenable_id` bigint unsigned NOT NULL,
  `name` varchar(255) COLLATE utf8mb4_unicode_ci NOT NULL,
  `token` varchar(64) COLLATE utf8mb4_unicode_ci NOT NULL,
  `abilities` text COLLATE utf8mb4_unicode_ci,
  `last_used_at` timestamp NULL DEFAULT NULL,
  `expires_at` timestamp NULL DEFAULT NULL,
  `created_at` timestamp NULL DEFAULT NULL,
  `updated_at` timestamp NULL DEFAULT NULL,
  PRIMARY KEY (`id`),
  UNIQUE KEY `personal_access_tokens_token_unique` (`token`),
  KEY `personal_access_tokens_tokenable_type_tokenable_id_index` (`tokenable_type`,`tokenable_id`)
) ENGINE=InnoDB DEFAULT CHARSET=utf8mb4 COLLATE=utf8mb4_unicode_ci;
/*!40101 SET character_set_client = @saved_cs_client */;

LOCK TABLES `personal_access_tokens` WRITE;
/*!40000 ALTER TABLE `personal_access_tokens` DISABLE KEYS */;
/*!40000 ALTER TABLE `personal_access_tokens` ENABLE KEYS */;
UNLOCK TABLES;
DROP TABLE IF EXISTS `services`;
/*!40101 SET @saved_cs_client     = @@character_set_client */;
/*!50503 SET character_set_client = utf8mb4 */;
CREATE TABLE `services` (
  `id` bigint unsigned NOT NULL AUTO_INCREMENT,
  `name` varchar(255) COLLATE utf8mb4_unicode_ci NOT NULL,
  `image` varchar(255) COLLATE utf8mb4_unicode_ci NOT NULL DEFAULT 'default_service_avatar.png',
  `blog_id` bigint unsigned NOT NULL,
  `created_at` timestamp NULL DEFAULT NULL,
  `updated_at` timestamp NULL DEFAULT NULL,
  PRIMARY KEY (`id`),
  KEY `services_blog_id_foreign` (`blog_id`),
  CONSTRAINT `services_blog_id_foreign` FOREIGN KEY (`blog_id`) REFERENCES `blogs` (`id`) ON DELETE CASCADE
) ENGINE=InnoDB DEFAULT CHARSET=utf8mb4 COLLATE=utf8mb4_unicode_ci;
/*!40101 SET character_set_client = @saved_cs_client */;

LOCK TABLES `services` WRITE;
/*!40000 ALTER TABLE `services` DISABLE KEYS */;
/*!40000 ALTER TABLE `services` ENABLE KEYS */;
UNLOCK TABLES;
DROP TABLE IF EXISTS `settings`;
/*!40101 SET @saved_cs_client     = @@character_set_client */;
/*!50503 SET character_set_client = utf8mb4 */;
CREATE TABLE `settings` (
  `id` bigint unsigned NOT NULL AUTO_INCREMENT,
  `key` varchar(255) COLLATE utf8mb4_unicode_ci NOT NULL,
  `value` longtext COLLATE utf8mb4_unicode_ci,
  `created_at` timestamp NULL DEFAULT NULL,
  `updated_at` timestamp NULL DEFAULT NULL,
  PRIMARY KEY (`id`),
  UNIQUE KEY `settings_key_unique` (`key`)
) ENGINE=InnoDB AUTO_INCREMENT=16 DEFAULT CHARSET=utf8mb4 COLLATE=utf8mb4_unicode_ci;
/*!40101 SET character_set_client = @saved_cs_client */;

LOCK TABLES `settings` WRITE;
/*!40000 ALTER TABLE `settings` DISABLE KEYS */;
INSERT INTO `settings` VALUES (1,'site_name','Top Hospital Support ',NULL,NULL),(2,'site_url','http://www.tophospitalsupportbd.com',NULL,NULL),(3,'site_phone_number','+880123456789',NULL,NULL),(4,'site_phone_number_2','+880173456789',NULL,NULL),(5,'site_phone_number_3','+880173456789',NULL,NULL),(6,'site_email','admin@admin.com',NULL,NULL),(7,'site_email_2','moderator@admin.com',NULL,NULL),(8,'site_address','503 Old Buffalo Street Northwest #205, New York-3087',NULL,NULL),(9,'site_logo_url','images/site_logo_url.png',NULL,NULL),(10,'homepage_search_field_label','Find The Best Doctor',NULL,NULL),(11,'homepage_banner_image','new-banner-img.webp',NULL,NULL),(12,'aboutus_page_content','<strong>Apple</strong>',NULL,NULL),(13,'homepage_top_hospital_slider_title_text','dg hsdg hsdfg sdfgsdfg sdfg sdfgd sfg',NULL,NULL),(14,'homepage_top_doctor_slider_title_text','dg hsdg hsdfg sdfgsdfg sdfg sdfgd sfg',NULL,NULL),(15,'homepage_show_slide','1',NULL,NULL);
/*!40000 ALTER TABLE `settings` ENABLE KEYS */;
UNLOCK TABLES;
DROP TABLE IF EXISTS `specialties`;
/*!40101 SET @saved_cs_client     = @@character_set_client */;
/*!50503 SET character_set_client = utf8mb4 */;
CREATE TABLE `specialties` (
  `id` bigint unsigned NOT NULL AUTO_INCREMENT,
  `name` varchar(255) COLLATE utf8mb4_unicode_ci NOT NULL,
  `image` varchar(255) COLLATE utf8mb4_unicode_ci NOT NULL DEFAULT 'default_speciality.png',
  `slug` varchar(255) COLLATE utf8mb4_unicode_ci DEFAULT NULL,
  `details` varchar(255) COLLATE utf8mb4_unicode_ci DEFAULT NULL,
  `status` enum('active','inactive') COLLATE utf8mb4_unicode_ci NOT NULL DEFAULT 'active',
  `created_at` timestamp NULL DEFAULT NULL,
  `updated_at` timestamp NULL DEFAULT NULL,
  PRIMARY KEY (`id`),
  UNIQUE KEY `specialties_name_unique` (`name`),
  UNIQUE KEY `specialties_slug_unique` (`slug`)
) ENGINE=InnoDB AUTO_INCREMENT=35 DEFAULT CHARSET=utf8mb4 COLLATE=utf8mb4_unicode_ci;
/*!40101 SET character_set_client = @saved_cs_client */;

LOCK TABLES `specialties` WRITE;
/*!40000 ALTER TABLE `specialties` DISABLE KEYS */;
INSERT INTO `specialties` VALUES (1,'Cardiology','default_speciality.png',NULL,NULL,'active','2024-12-11 03:37:02','2024-12-11 03:37:02'),(2,'Cardio thoracic','default_speciality.png',NULL,NULL,'active','2024-12-11 03:37:02','2024-12-11 03:37:02'),(3,'Orthopedics','default_speciality.png',NULL,NULL,'active','2024-12-11 03:37:02','2024-12-11 03:37:02'),(4,'Gastroenterology','default_speciality.png',NULL,NULL,'active','2024-12-11 03:37:02','2024-12-11 03:37:02'),(5,'General Surgery','default_speciality.png',NULL,NULL,'active','2024-12-11 03:37:02','2024-12-11 03:37:02'),(6,'Oncology','default_speciality.png',NULL,NULL,'active','2024-12-11 03:37:02','2024-12-11 03:37:02'),(7,'Gynecology','default_speciality.png',NULL,NULL,'active','2024-12-11 03:37:02','2024-12-11 03:37:02'),(8,'Pediatrics','default_speciality.png',NULL,NULL,'active','2024-12-11 03:37:02','2024-12-11 03:37:02'),(9,'Neonatology','default_speciality.png',NULL,NULL,'active','2024-12-11 03:37:02','2024-12-11 03:37:02'),(10,'Kidney Transplantation','default_speciality.png',NULL,NULL,'active','2024-12-11 03:37:02','2024-12-11 03:37:02'),(11,'Liver Transplantation','default_speciality.png',NULL,NULL,'active','2024-12-11 03:37:02','2024-12-11 03:37:02'),(12,'Pancreas Transplant','default_speciality.png',NULL,NULL,'active','2024-12-11 03:37:02','2024-12-11 03:37:02'),(13,'Internal Medicine','default_speciality.png',NULL,NULL,'active','2024-12-11 03:37:02','2024-12-11 03:37:02'),(14,'Plastic Surgery','default_speciality.png',NULL,NULL,'active','2024-12-11 03:37:02','2024-12-11 03:37:02'),(15,'Urology','default_speciality.png',NULL,NULL,'active','2024-12-11 03:37:02','2024-12-11 03:37:02'),(16,'Physiotherapy','default_speciality.png',NULL,NULL,'active','2024-12-11 03:37:02','2024-12-11 03:37:02'),(17,'Psychiatry','default_speciality.png',NULL,NULL,'active','2024-12-11 03:37:02','2024-12-11 03:37:02'),(18,'Pulmonology','default_speciality.png',NULL,NULL,'active','2024-12-11 03:37:02','2024-12-11 03:37:02'),(19,'Dental','default_speciality.png',NULL,NULL,'active','2024-12-11 03:37:02','2024-12-11 03:37:02'),(20,'ENT','default_speciality.png',NULL,NULL,'active','2024-12-11 03:37:02','2024-12-11 03:37:02'),(21,'Emergency Medicine','default_speciality.png',NULL,NULL,'active','2024-12-11 03:37:02','2024-12-11 03:37:02'),(22,'Rheumatology','default_speciality.png',NULL,NULL,'active','2024-12-11 03:37:02','2024-12-11 03:37:02'),(23,'Vascular Surgery','default_speciality.png',NULL,NULL,'active','2024-12-11 03:37:02','2024-12-11 03:37:02'),(24,'Neurology','default_speciality.png',NULL,NULL,'active','2024-12-11 03:37:02','2024-12-11 03:37:02'),(25,'Ophthalmology','default_speciality.png',NULL,NULL,'active','2024-12-11 03:37:02','2024-12-11 03:37:02'),(26,'Dermatology','default_speciality.png',NULL,NULL,'active','2024-12-11 03:37:02','2024-12-11 03:37:02'),(27,'Endocrinology','default_speciality.png',NULL,NULL,'active','2024-12-11 03:37:02','2024-12-11 03:37:02'),(28,'Anesthesiology','default_speciality.png',NULL,NULL,'active','2024-12-11 03:37:02','2024-12-11 03:37:02'),(29,'Interventional Radiology','default_speciality.png',NULL,NULL,'active','2024-12-11 03:37:02','2024-12-11 03:37:02'),(30,'Nephrology','default_speciality.png',NULL,NULL,'active','2024-12-11 03:37:02','2024-12-11 03:37:02'),(31,'Critical Care','default_speciality.png',NULL,NULL,'active','2024-12-11 03:37:02','2024-12-11 03:37:02'),(32,'Neurosurgery','default_speciality.png',NULL,NULL,'active','2024-12-11 03:37:02','2024-12-11 03:37:02'),(33,'Organ Transplantation','default_speciality.png',NULL,NULL,'active','2024-12-11 03:37:02','2024-12-11 03:37:02'),(34,'Robotic Surgery','default_speciality.png',NULL,NULL,'active','2024-12-11 03:37:02','2024-12-11 03:37:02');
/*!40000 ALTER TABLE `specialties` ENABLE KEYS */;
UNLOCK TABLES;
DROP TABLE IF EXISTS `tags`;
/*!40101 SET @saved_cs_client     = @@character_set_client */;
/*!50503 SET character_set_client = utf8mb4 */;
CREATE TABLE `tags` (
  `id` bigint unsigned NOT NULL AUTO_INCREMENT,
  `name` varchar(255) COLLATE utf8mb4_unicode_ci NOT NULL,
  `status` enum('active','inactive') COLLATE utf8mb4_unicode_ci NOT NULL DEFAULT 'active',
  `created_at` timestamp NULL DEFAULT NULL,
  `updated_at` timestamp NULL DEFAULT NULL,
  PRIMARY KEY (`id`)
) ENGINE=InnoDB AUTO_INCREMENT=101 DEFAULT CHARSET=utf8mb4 COLLATE=utf8mb4_unicode_ci;
/*!40101 SET character_set_client = @saved_cs_client */;

LOCK TABLES `tags` WRITE;
/*!40000 ALTER TABLE `tags` DISABLE KEYS */;
INSERT INTO `tags` VALUES (1,'Prof. Nicklaus Trantow DDS','active','2024-12-11 03:37:09','2024-12-11 03:37:09'),(2,'Miss Savannah Kuhlman Jr.','active','2024-12-11 03:37:09','2024-12-11 03:37:09'),(3,'Zack Jast','active','2024-12-11 03:37:09','2024-12-11 03:37:09'),(4,'Theresa Crona','active','2024-12-11 03:37:09','2024-12-11 03:37:09'),(5,'Ms. Gregoria Kohler DDS','active','2024-12-11 03:37:09','2024-12-11 03:37:09'),(6,'Janet Upton','active','2024-12-11 03:37:09','2024-12-11 03:37:09'),(7,'Dr. Kayla Witting DVM','active','2024-12-11 03:37:09','2024-12-11 03:37:09'),(8,'Stone Renner','active','2024-12-11 03:37:09','2024-12-11 03:37:09'),(9,'Nelda Cruickshank','active','2024-12-11 03:37:09','2024-12-11 03:37:09'),(10,'Dorthy Nicolas','active','2024-12-11 03:37:09','2024-12-11 03:37:09'),(11,'Leila Mertz','active','2024-12-11 03:37:09','2024-12-11 03:37:09'),(12,'Emelia Stroman','active','2024-12-11 03:37:09','2024-12-11 03:37:09'),(13,'Dr. Lester Corwin','active','2024-12-11 03:37:09','2024-12-11 03:37:09'),(14,'Demarco Wilderman','active','2024-12-11 03:37:09','2024-12-11 03:37:09'),(15,'Adela Baumbach DDS','active','2024-12-11 03:37:09','2024-12-11 03:37:09'),(16,'Ford Rolfson','active','2024-12-11 03:37:09','2024-12-11 03:37:09'),(17,'Zachary Haley','active','2024-12-11 03:37:09','2024-12-11 03:37:09'),(18,'Clement Bayer','active','2024-12-11 03:37:09','2024-12-11 03:37:09'),(19,'Archibald Murphy','active','2024-12-11 03:37:09','2024-12-11 03:37:09'),(20,'Cassandre Connelly','active','2024-12-11 03:37:09','2024-12-11 03:37:09'),(21,'Prof. Stuart Johnson PhD','active','2024-12-11 03:37:09','2024-12-11 03:37:09'),(22,'Vivianne Hahn','active','2024-12-11 03:37:09','2024-12-11 03:37:09'),(23,'Trystan Russel','active','2024-12-11 03:37:09','2024-12-11 03:37:09'),(24,'Prof. Jarvis Kerluke DDS','active','2024-12-11 03:37:09','2024-12-11 03:37:09'),(25,'Madelyn Moen','active','2024-12-11 03:37:09','2024-12-11 03:37:09'),(26,'Miss Pearline Osinski DDS','active','2024-12-11 03:37:09','2024-12-11 03:37:09'),(27,'Otho Nicolas','active','2024-12-11 03:37:09','2024-12-11 03:37:09'),(28,'Eloy Wolf','active','2024-12-11 03:37:09','2024-12-11 03:37:09'),(29,'Sarah Strosin DVM','active','2024-12-11 03:37:09','2024-12-11 03:37:09'),(30,'William Schneider','active','2024-12-11 03:37:09','2024-12-11 03:37:09'),(31,'Howard Graham Jr.','active','2024-12-11 03:37:09','2024-12-11 03:37:09'),(32,'Mrs. Janice Schuster','active','2024-12-11 03:37:09','2024-12-11 03:37:09'),(33,'Arno Terry','active','2024-12-11 03:37:09','2024-12-11 03:37:09'),(34,'Forrest Walter','active','2024-12-11 03:37:09','2024-12-11 03:37:09'),(35,'Brisa Hodkiewicz','active','2024-12-11 03:37:09','2024-12-11 03:37:09'),(36,'Abigayle Thiel','active','2024-12-11 03:37:09','2024-12-11 03:37:09'),(37,'Prof. Sigrid Ruecker DVM','active','2024-12-11 03:37:09','2024-12-11 03:37:09'),(38,'Miss Janiya Lockman','active','2024-12-11 03:37:09','2024-12-11 03:37:09'),(39,'Jamar Boyer','active','2024-12-11 03:37:09','2024-12-11 03:37:09'),(40,'Dr. Maci Pouros II','active','2024-12-11 03:37:09','2024-12-11 03:37:09'),(41,'Lloyd Hirthe','active','2024-12-11 03:37:09','2024-12-11 03:37:09'),(42,'Shawna Ward','active','2024-12-11 03:37:09','2024-12-11 03:37:09'),(43,'Oma Gerlach','active','2024-12-11 03:37:09','2024-12-11 03:37:09'),(44,'Nathen Littel','active','2024-12-11 03:37:09','2024-12-11 03:37:09'),(45,'Mr. Orion Considine','active','2024-12-11 03:37:09','2024-12-11 03:37:09'),(46,'Lola Klocko IV','active','2024-12-11 03:37:09','2024-12-11 03:37:09'),(47,'Jewell Tromp DDS','active','2024-12-11 03:37:09','2024-12-11 03:37:09'),(48,'Isabelle Will','active','2024-12-11 03:37:09','2024-12-11 03:37:09'),(49,'Clifton Eichmann III','active','2024-12-11 03:37:09','2024-12-11 03:37:09'),(50,'Karianne O\'Kon','active','2024-12-11 03:37:09','2024-12-11 03:37:09'),(51,'Prof. Norbert Turner IV','active','2024-12-11 03:37:09','2024-12-11 03:37:09'),(52,'Carmine Dietrich','active','2024-12-11 03:37:09','2024-12-11 03:37:09'),(53,'Nia Larkin','active','2024-12-11 03:37:09','2024-12-11 03:37:09'),(54,'Mr. Orlo Kutch','active','2024-12-11 03:37:09','2024-12-11 03:37:09'),(55,'Shane Dietrich','active','2024-12-11 03:37:09','2024-12-11 03:37:09'),(56,'Ms. Haylie Toy','active','2024-12-11 03:37:09','2024-12-11 03:37:09'),(57,'Dr. Frederick Cummings','active','2024-12-11 03:37:09','2024-12-11 03:37:09'),(58,'Jennifer Weber Jr.','active','2024-12-11 03:37:09','2024-12-11 03:37:09'),(59,'Kaelyn Runolfsson','active','2024-12-11 03:37:09','2024-12-11 03:37:09'),(60,'Riley Senger III','active','2024-12-11 03:37:09','2024-12-11 03:37:09'),(61,'Trevor Stanton','active','2024-12-11 03:37:09','2024-12-11 03:37:09'),(62,'Miss Vernice Bruen','active','2024-12-11 03:37:09','2024-12-11 03:37:09'),(63,'Miss Beverly Carter PhD','active','2024-12-11 03:37:09','2024-12-11 03:37:09'),(64,'Dr. Reanna Casper III','active','2024-12-11 03:37:09','2024-12-11 03:37:09'),(65,'Jerome Prohaska','active','2024-12-11 03:37:09','2024-12-11 03:37:09'),(66,'Laisha Ullrich','active','2024-12-11 03:37:09','2024-12-11 03:37:09'),(67,'Dr. Ariel Bartell','active','2024-12-11 03:37:09','2024-12-11 03:37:09'),(68,'Maci Labadie','active','2024-12-11 03:37:09','2024-12-11 03:37:09'),(69,'Mattie Deckow','active','2024-12-11 03:37:09','2024-12-11 03:37:09'),(70,'Jennifer O\'Keefe','active','2024-12-11 03:37:09','2024-12-11 03:37:09'),(71,'Ida Greenholt I','active','2024-12-11 03:37:09','2024-12-11 03:37:09'),(72,'Miss Celestine Mraz DDS','active','2024-12-11 03:37:09','2024-12-11 03:37:09'),(73,'Ms. Una Larson','active','2024-12-11 03:37:09','2024-12-11 03:37:09'),(74,'Kane Kuhlman','active','2024-12-11 03:37:09','2024-12-11 03:37:09'),(75,'Prof. Rosalinda Powlowski','active','2024-12-11 03:37:09','2024-12-11 03:37:09'),(76,'Palma Ward','active','2024-12-11 03:37:09','2024-12-11 03:37:09'),(77,'Manley Terry','active','2024-12-11 03:37:09','2024-12-11 03:37:09'),(78,'Melyssa Leuschke V','active','2024-12-11 03:37:09','2024-12-11 03:37:09'),(79,'Vicente Gleason','active','2024-12-11 03:37:09','2024-12-11 03:37:09'),(80,'Miss Lia Yundt','active','2024-12-11 03:37:09','2024-12-11 03:37:09'),(81,'Ms. Viva Hagenes','active','2024-12-11 03:37:09','2024-12-11 03:37:09'),(82,'Eulah Breitenberg','active','2024-12-11 03:37:09','2024-12-11 03:37:09'),(83,'Mr. Peyton Wilkinson IV','active','2024-12-11 03:37:09','2024-12-11 03:37:09'),(84,'Alice Lehner','active','2024-12-11 03:37:09','2024-12-11 03:37:09'),(85,'Israel Crona','active','2024-12-11 03:37:09','2024-12-11 03:37:09'),(86,'Dr. Stanley Lynch','active','2024-12-11 03:37:09','2024-12-11 03:37:09'),(87,'Anika Orn','active','2024-12-11 03:37:09','2024-12-11 03:37:09'),(88,'Miss Cheyenne Sporer Sr.','active','2024-12-11 03:37:09','2024-12-11 03:37:09'),(89,'Mr. Cristopher Koepp I','active','2024-12-11 03:37:09','2024-12-11 03:37:09'),(90,'Dr. Adell Bailey','active','2024-12-11 03:37:09','2024-12-11 03:37:09'),(91,'Desiree Prohaska','active','2024-12-11 03:37:09','2024-12-11 03:37:09'),(92,'Andres Wunsch DDS','active','2024-12-11 03:37:09','2024-12-11 03:37:09'),(93,'Tobin O\'Kon','active','2024-12-11 03:37:09','2024-12-11 03:37:09'),(94,'Prof. Perry Lesch II','active','2024-12-11 03:37:09','2024-12-11 03:37:09'),(95,'Bette Schumm','active','2024-12-11 03:37:09','2024-12-11 03:37:09'),(96,'Anabelle Gorczany','active','2024-12-11 03:37:09','2024-12-11 03:37:09'),(97,'Nels Rice','active','2024-12-11 03:37:09','2024-12-11 03:37:09'),(98,'Mr. Mason Kutch','active','2024-12-11 03:37:09','2024-12-11 03:37:09'),(99,'Dr. Jalen Little Jr.','active','2024-12-11 03:37:09','2024-12-11 03:37:09'),(100,'Lafayette Grady','active','2024-12-11 03:37:09','2024-12-11 03:37:09');
/*!40000 ALTER TABLE `tags` ENABLE KEYS */;
UNLOCK TABLES;
DROP TABLE IF EXISTS `users`;
/*!40101 SET @saved_cs_client     = @@character_set_client */;
/*!50503 SET character_set_client = utf8mb4 */;
CREATE TABLE `users` (
  `id` bigint unsigned NOT NULL AUTO_INCREMENT,
  `name` varchar(255) COLLATE utf8mb4_unicode_ci NOT NULL,
  `email` varchar(255) COLLATE utf8mb4_unicode_ci NOT NULL,
  `thumbnail` varchar(255) COLLATE utf8mb4_unicode_ci DEFAULT NULL,
  `email_verified_at` timestamp NULL DEFAULT NULL,
  `password` varchar(255) COLLATE utf8mb4_unicode_ci NOT NULL,
  `status` enum('active','inactive') COLLATE utf8mb4_unicode_ci NOT NULL DEFAULT 'active',
  `role` enum('client','admin') COLLATE utf8mb4_unicode_ci NOT NULL DEFAULT 'admin',
  `remember_token` varchar(100) COLLATE utf8mb4_unicode_ci DEFAULT NULL,
  `deleted_at` timestamp NULL DEFAULT NULL,
  `created_at` timestamp NULL DEFAULT NULL,
  `updated_at` timestamp NULL DEFAULT NULL,
  PRIMARY KEY (`id`),
  UNIQUE KEY `users_email_unique` (`email`)
) ENGINE=InnoDB AUTO_INCREMENT=2 DEFAULT CHARSET=utf8mb4 COLLATE=utf8mb4_unicode_ci;
/*!40101 SET character_set_client = @saved_cs_client */;

LOCK TABLES `users` WRITE;
/*!40000 ALTER TABLE `users` DISABLE KEYS */;
INSERT INTO `users` VALUES (1,'Admin','admin@admin.com',NULL,NULL,'$2y$12$s.CU00FtYnQGel0Crr.PCuOR8lQL950sA5llBdXtWBSnXuAJpgDrK','active','admin',NULL,NULL,'2024-12-11 03:37:10','2024-12-11 03:37:10');
/*!40000 ALTER TABLE `users` ENABLE KEYS */;
UNLOCK TABLES;
/*!40103 SET TIME_ZONE=@OLD_TIME_ZONE */;

/*!40101 SET SQL_MODE=@OLD_SQL_MODE */;
/*!40014 SET FOREIGN_KEY_CHECKS=@OLD_FOREIGN_KEY_CHECKS */;
/*!40014 SET UNIQUE_CHECKS=@OLD_UNIQUE_CHECKS */;
/*!40101 SET CHARACTER_SET_CLIENT=@OLD_CHARACTER_SET_CLIENT */;
/*!40101 SET CHARACTER_SET_RESULTS=@OLD_CHARACTER_SET_RESULTS */;
/*!40101 SET COLLATION_CONNECTION=@OLD_COLLATION_CONNECTION */;
/*!40111 SET SQL_NOTES=@OLD_SQL_NOTES */;

