
/*!40101 SET @OLD_CHARACTER_SET_CLIENT=@@CHARACTER_SET_CLIENT */;
/*!40101 SET @OLD_CHARACTER_SET_RESULTS=@@CHARACTER_SET_RESULTS */;
/*!40101 SET @OLD_COLLATION_CONNECTION=@@COLLATION_CONNECTION */;
/*!50503 SET NAMES utf8mb4 */;
/*!40103 SET @OLD_TIME_ZONE=@@TIME_ZONE */;
/*!40103 SET TIME_ZONE='+00:00' */;
/*!40014 SET @OLD_UNIQUE_CHECKS=@@UNIQUE_CHECKS, UNIQUE_CHECKS=0 */;
/*!40014 SET @OLD_FOREIGN_KEY_CHECKS=@@FOREIGN_KEY_CHECKS, FOREIGN_KEY_CHECKS=0 */;
/*!40101 SET @OLD_SQL_MODE=@@SQL_MODE, SQL_MODE='NO_AUTO_VALUE_ON_ZERO' */;
/*!40111 SET @OLD_SQL_NOTES=@@SQL_NOTES, SQL_NOTES=0 */;
DROP TABLE IF EXISTS `appointments`;
/*!40101 SET @saved_cs_client     = @@character_set_client */;
/*!50503 SET character_set_client = utf8mb4 */;
CREATE TABLE `appointments` (
  `id` bigint unsigned NOT NULL AUTO_INCREMENT,
  `firstname` varchar(255) COLLATE utf8mb4_unicode_ci NOT NULL,
  `lastname` varchar(255) COLLATE utf8mb4_unicode_ci NOT NULL,
  `issue` varchar(255) COLLATE utf8mb4_unicode_ci DEFAULT NULL,
  `description` varchar(255) COLLATE utf8mb4_unicode_ci DEFAULT NULL,
  `phone` varchar(255) COLLATE utf8mb4_unicode_ci NOT NULL,
  `whatsapp` varchar(255) COLLATE utf8mb4_unicode_ci DEFAULT NULL,
  `email` varchar(255) COLLATE utf8mb4_unicode_ci DEFAULT NULL,
  `age` int DEFAULT NULL,
  `gender` enum('male','female','other') COLLATE utf8mb4_unicode_ci NOT NULL,
  `created_at` timestamp NULL DEFAULT NULL,
  `updated_at` timestamp NULL DEFAULT NULL,
  `user_id` bigint unsigned DEFAULT NULL,
  `deleted_at` timestamp NULL DEFAULT NULL,
  PRIMARY KEY (`id`),
  KEY `appointments_user_id_foreign` (`user_id`),
  CONSTRAINT `appointments_user_id_foreign` FOREIGN KEY (`user_id`) REFERENCES `users` (`id`)
) ENGINE=InnoDB AUTO_INCREMENT=2 DEFAULT CHARSET=utf8mb4 COLLATE=utf8mb4_unicode_ci;
/*!40101 SET character_set_client = @saved_cs_client */;

LOCK TABLES `appointments` WRITE;
/*!40000 ALTER TABLE `appointments` DISABLE KEYS */;
INSERT INTO `appointments` VALUES (1,'sdfthsdfgh','sdfghdfgh',NULL,NULL,'45654646','456546','fghfg@fcd.com',21,'male','2024-11-26 01:28:01','2024-11-26 01:28:01',1,NULL);
/*!40000 ALTER TABLE `appointments` ENABLE KEYS */;
UNLOCK TABLES;
DROP TABLE IF EXISTS `blog_tags`;
/*!40101 SET @saved_cs_client     = @@character_set_client */;
/*!50503 SET character_set_client = utf8mb4 */;
CREATE TABLE `blog_tags` (
  `id` bigint unsigned NOT NULL AUTO_INCREMENT,
  `blog_id` varchar(255) COLLATE utf8mb4_unicode_ci NOT NULL,
  `tag_id` varchar(255) COLLATE utf8mb4_unicode_ci NOT NULL,
  `created_at` timestamp NULL DEFAULT NULL,
  `updated_at` timestamp NULL DEFAULT NULL,
  PRIMARY KEY (`id`)
) ENGINE=InnoDB AUTO_INCREMENT=3 DEFAULT CHARSET=utf8mb4 COLLATE=utf8mb4_unicode_ci;
/*!40101 SET character_set_client = @saved_cs_client */;

LOCK TABLES `blog_tags` WRITE;
/*!40000 ALTER TABLE `blog_tags` DISABLE KEYS */;
INSERT INTO `blog_tags` VALUES (1,'1','100',NULL,NULL),(2,'2','100',NULL,NULL);
/*!40000 ALTER TABLE `blog_tags` ENABLE KEYS */;
UNLOCK TABLES;
DROP TABLE IF EXISTS `blogs`;
/*!40101 SET @saved_cs_client     = @@character_set_client */;
/*!50503 SET character_set_client = utf8mb4 */;
CREATE TABLE `blogs` (
  `id` bigint unsigned NOT NULL AUTO_INCREMENT,
  `title` varchar(255) COLLATE utf8mb4_unicode_ci NOT NULL,
  `slug` varchar(255) COLLATE utf8mb4_unicode_ci NOT NULL,
  `description` longtext COLLATE utf8mb4_unicode_ci,
  `content` longtext COLLATE utf8mb4_unicode_ci,
  `image` varchar(255) COLLATE utf8mb4_unicode_ci NOT NULL DEFAULT 'default_blog_avatar.jpg',
  `meta_keywords` longtext COLLATE utf8mb4_unicode_ci,
  `meta_description` longtext COLLATE utf8mb4_unicode_ci,
  `created_at` timestamp NULL DEFAULT NULL,
  `updated_at` timestamp NULL DEFAULT NULL,
  PRIMARY KEY (`id`)
) ENGINE=InnoDB AUTO_INCREMENT=3 DEFAULT CHARSET=utf8mb4 COLLATE=utf8mb4_unicode_ci;
/*!40101 SET character_set_client = @saved_cs_client */;

LOCK TABLES `blogs` WRITE;
/*!40000 ALTER TABLE `blogs` DISABLE KEYS */;
INSERT INTO `blogs` VALUES (1,'Eu rerum optio iure','eu-rerum-optio-iure','Labore aut eaque exc',NULL,'1731921582-blog.jpg','Vel nobis placeat s','Expedita repellendus','2024-11-18 03:19:42','2024-11-18 03:19:42'),(2,'Adipisci in ipsum m','adipisci-in-ipsum-m','In expedita totam id',NULL,'1731921609-blog.jpg','Nulla non commodi ei','Aut nisi earum aut d','2024-11-18 03:20:09','2024-11-18 03:20:09');
/*!40000 ALTER TABLE `blogs` ENABLE KEYS */;
UNLOCK TABLES;
DROP TABLE IF EXISTS `cities`;
/*!40101 SET @saved_cs_client     = @@character_set_client */;
/*!50503 SET character_set_client = utf8mb4 */;
CREATE TABLE `cities` (
  `id` bigint unsigned NOT NULL AUTO_INCREMENT,
  `name` varchar(255) COLLATE utf8mb4_unicode_ci NOT NULL,
  `image` varchar(255) COLLATE utf8mb4_unicode_ci NOT NULL DEFAULT 'default-city-image.png',
  `slug` varchar(255) COLLATE utf8mb4_unicode_ci DEFAULT NULL,
  `code` varchar(255) COLLATE utf8mb4_unicode_ci DEFAULT NULL,
  `country_id` bigint unsigned NOT NULL,
  `created_at` timestamp NULL DEFAULT NULL,
  `updated_at` timestamp NULL DEFAULT NULL,
  PRIMARY KEY (`id`),
  UNIQUE KEY `cities_name_unique` (`name`),
  UNIQUE KEY `cities_slug_unique` (`slug`),
  UNIQUE KEY `cities_code_unique` (`code`),
  KEY `cities_country_id_foreign` (`country_id`),
  CONSTRAINT `cities_country_id_foreign` FOREIGN KEY (`country_id`) REFERENCES `countries` (`id`) ON DELETE CASCADE
) ENGINE=InnoDB AUTO_INCREMENT=13 DEFAULT CHARSET=utf8mb4 COLLATE=utf8mb4_unicode_ci;
/*!40101 SET character_set_client = @saved_cs_client */;

LOCK TABLES `cities` WRITE;
/*!40000 ALTER TABLE `cities` DISABLE KEYS */;
INSERT INTO `cities` VALUES (1,'dhaka','default-city-image.png',NULL,NULL,1,'2024-11-18 03:15:04','2024-11-18 03:15:04'),(2,'chittagong','default-city-image.png',NULL,NULL,1,'2024-11-18 03:15:04','2024-11-18 03:15:04'),(3,'Kuala Lumpur','default-city-image.png',NULL,NULL,2,'2024-11-18 03:15:04','2024-11-18 03:15:04'),(4,'Petaling Jaya','default-city-image.png',NULL,NULL,2,'2024-11-18 03:15:04','2024-11-18 03:15:04'),(5,'Jurong East','default-city-image.png',NULL,NULL,3,'2024-11-18 03:15:04','2024-11-18 03:15:04'),(6,'singapore city','default-city-image.png',NULL,NULL,3,'2024-11-18 03:15:04','2024-11-18 03:15:04'),(7,'delhi','default-city-image.png',NULL,NULL,4,'2024-11-18 03:15:04','2024-11-18 03:15:04'),(8,'chennai','default-city-image.png',NULL,NULL,4,'2024-11-18 03:15:04','2024-11-18 03:15:04'),(9,'kolkata','default-city-image.png',NULL,NULL,4,'2024-11-18 03:15:04','2024-11-18 03:15:04'),(10,'bangkok','default-city-image.png',NULL,NULL,5,'2024-11-18 03:15:04','2024-11-18 03:15:04'),(11,'pattaya','default-city-image.png',NULL,NULL,5,'2024-11-18 03:15:04','2024-11-18 03:15:04'),(12,'phuket','default-city-image.png',NULL,NULL,5,'2024-11-18 03:15:04','2024-11-18 03:15:04');
/*!40000 ALTER TABLE `cities` ENABLE KEYS */;
UNLOCK TABLES;
DROP TABLE IF EXISTS `countries`;
/*!40101 SET @saved_cs_client     = @@character_set_client */;
/*!50503 SET character_set_client = utf8mb4 */;
CREATE TABLE `countries` (
  `id` bigint unsigned NOT NULL AUTO_INCREMENT,
  `name` varchar(255) COLLATE utf8mb4_unicode_ci NOT NULL,
  `slug` varchar(255) COLLATE utf8mb4_unicode_ci DEFAULT NULL,
  `icon_markup` varchar(255) COLLATE utf8mb4_unicode_ci DEFAULT NULL,
  `icon_symbol` varchar(255) COLLATE utf8mb4_unicode_ci DEFAULT NULL,
  `image` varchar(255) COLLATE utf8mb4_unicode_ci DEFAULT NULL,
  `created_at` timestamp NULL DEFAULT NULL,
  `updated_at` timestamp NULL DEFAULT NULL,
  PRIMARY KEY (`id`),
  UNIQUE KEY `countries_name_unique` (`name`),
  UNIQUE KEY `countries_slug_unique` (`slug`)
) ENGINE=InnoDB AUTO_INCREMENT=6 DEFAULT CHARSET=utf8mb4 COLLATE=utf8mb4_unicode_ci;
/*!40101 SET character_set_client = @saved_cs_client */;

LOCK TABLES `countries` WRITE;
/*!40000 ALTER TABLE `countries` DISABLE KEYS */;
INSERT INTO `countries` VALUES (1,'bangladesh',NULL,NULL,'🇧🇩',NULL,'2024-11-18 03:15:04','2024-11-18 03:15:04'),(2,'malaysia',NULL,NULL,'🇲🇾',NULL,'2024-11-18 03:15:04','2024-11-18 03:15:04'),(3,'singapore',NULL,NULL,'🇸🇬',NULL,'2024-11-18 03:15:04','2024-11-18 03:15:04'),(4,'india',NULL,NULL,'🇮🇳',NULL,'2024-11-18 03:15:04','2024-11-18 03:15:04'),(5,'thailand',NULL,NULL,'🇹🇭',NULL,'2024-11-18 03:15:04','2024-11-18 03:15:04');
/*!40000 ALTER TABLE `countries` ENABLE KEYS */;
UNLOCK TABLES;
DROP TABLE IF EXISTS `departments`;
/*!40101 SET @saved_cs_client     = @@character_set_client */;
/*!50503 SET character_set_client = utf8mb4 */;
CREATE TABLE `departments` (
  `id` bigint unsigned NOT NULL AUTO_INCREMENT,
  `name` varchar(255) COLLATE utf8mb4_unicode_ci NOT NULL,
  `image` varchar(255) COLLATE utf8mb4_unicode_ci NOT NULL DEFAULT 'default_department.png',
  `slug` varchar(255) COLLATE utf8mb4_unicode_ci DEFAULT NULL,
  `details` varchar(255) COLLATE utf8mb4_unicode_ci DEFAULT NULL,
  `status` enum('active','inactive') COLLATE utf8mb4_unicode_ci NOT NULL DEFAULT 'active',
  `created_at` timestamp NULL DEFAULT NULL,
  `updated_at` timestamp NULL DEFAULT NULL,
  PRIMARY KEY (`id`),
  UNIQUE KEY `departments_name_unique` (`name`),
  UNIQUE KEY `departments_slug_unique` (`slug`)
) ENGINE=InnoDB AUTO_INCREMENT=2 DEFAULT CHARSET=utf8mb4 COLLATE=utf8mb4_unicode_ci;
/*!40101 SET character_set_client = @saved_cs_client */;

LOCK TABLES `departments` WRITE;
/*!40000 ALTER TABLE `departments` DISABLE KEYS */;
INSERT INTO `departments` VALUES (1,'Abra Dorsey','1731924419-department.jpg','abra-dorsey','Placeat fugit vel','active','2024-11-18 04:06:59','2024-11-18 04:06:59');
/*!40000 ALTER TABLE `departments` ENABLE KEYS */;
UNLOCK TABLES;
DROP TABLE IF EXISTS `doctors`;
/*!40101 SET @saved_cs_client     = @@character_set_client */;
/*!50503 SET character_set_client = utf8mb4 */;
CREATE TABLE `doctors` (
  `id` bigint unsigned NOT NULL AUTO_INCREMENT,
  `firstname` varchar(255) COLLATE utf8mb4_unicode_ci NOT NULL,
  `lastname` varchar(255) COLLATE utf8mb4_unicode_ci NOT NULL,
  `slug` varchar(255) COLLATE utf8mb4_unicode_ci DEFAULT NULL,
  `profile_picture` varchar(255) COLLATE utf8mb4_unicode_ci NOT NULL DEFAULT 'default_doctor_avatar.png',
  `email` varchar(255) COLLATE utf8mb4_unicode_ci DEFAULT NULL,
  `phone_number` varchar(255) COLLATE utf8mb4_unicode_ci DEFAULT NULL,
  `license_number` varchar(255) COLLATE utf8mb4_unicode_ci DEFAULT NULL,
  `qualification` varchar(255) COLLATE utf8mb4_unicode_ci DEFAULT NULL,
  `experience_years` int unsigned DEFAULT '0',
  `address` text COLLATE utf8mb4_unicode_ci,
  `dob` date DEFAULT NULL,
  `gender` enum('male','female','other') COLLATE utf8mb4_unicode_ci NOT NULL DEFAULT 'male',
  `nationality` varchar(100) COLLATE utf8mb4_unicode_ci DEFAULT NULL,
  `consultation_fee` decimal(8,2) DEFAULT NULL,
  `bio` longtext COLLATE utf8mb4_unicode_ci,
  `working_hours` json DEFAULT NULL,
  `status` enum('active','inactive') COLLATE utf8mb4_unicode_ci NOT NULL DEFAULT 'active',
  `created_at` timestamp NULL DEFAULT NULL,
  `updated_at` timestamp NULL DEFAULT NULL,
  `deleted_at` timestamp NULL DEFAULT NULL,
  `city_id` bigint unsigned DEFAULT NULL,
  `department_id` bigint unsigned DEFAULT NULL,
  PRIMARY KEY (`id`),
  UNIQUE KEY `doctors_slug_unique` (`slug`),
  UNIQUE KEY `doctors_email_unique` (`email`),
  UNIQUE KEY `doctors_license_number_unique` (`license_number`),
  KEY `doctors_department_id_foreign` (`department_id`),
  CONSTRAINT `doctors_department_id_foreign` FOREIGN KEY (`department_id`) REFERENCES `departments` (`id`) ON DELETE SET NULL
) ENGINE=InnoDB AUTO_INCREMENT=91 DEFAULT CHARSET=utf8mb4 COLLATE=utf8mb4_unicode_ci;
/*!40101 SET character_set_client = @saved_cs_client */;

LOCK TABLES `doctors` WRITE;
/*!40000 ALTER TABLE `doctors` DISABLE KEYS */;
INSERT INTO `doctors` VALUES (62,'Hopxfn dxfgh sdfgh sdf','Barreragh sgh sdgh sdg sdfg dsf','mbbs-Hop-Barrera-1731924467','1731924467-doctor.jpg','suhikaxy@mailinator.com','+1 (371) 913-1058','88','mbbscfhg',1977,'Reprehenderit omnis','2013-09-20','male',NULL,93.00,'<p>&nbsp;bnm gcfhj dfhdj fhsd</p>','{}','active','2024-11-18 04:07:47','2024-11-21 05:03:08',NULL,2,1),(64,'Ryder','Francis','Et nihil est autem r-Ryder-Francis-1732604549','1732604549-doctor.jpg','navaditese@mailinator.com','+1 (554) 528-6088','864','Et nihil est autem r',1975,'Quaerat rem nostrum','1972-11-29','male',NULL,52.00,'<p>dfh dfgh zdg dg&nbsp;</p>','{}','active','2024-11-26 01:02:29','2024-11-26 01:02:45',NULL,10,1),(65,'Tana','Copeland','Magnam obcaecati aut-Tana-Copeland-1732604580','1732604580-doctor.jpg','perixidew@mailinator.com','+1 (391) 896-9136','781','Magnam obcaecati aut',1973,'Et voluptatibus temp','2003-05-04','male',NULL,10.00,'<p>gh sxdgh sdg ds</p>','{}','active','2024-11-26 01:03:00','2024-11-26 01:03:00',NULL,5,1),(66,'Hiram','Koch','Dolore ut qui omnis-Hiram-Koch-1732604600','1732604600-doctor.jpg','nisegovo@mailinator.com','+1 (411) 651-3422','841','Dolore ut qui omnis',1988,'Dolor eos autem illo','1984-09-04','male',NULL,94.00,'<p>dfgsdfg sdfg&nbsp;</p>','{}','active','2024-11-26 01:03:20','2024-11-26 01:03:42',NULL,11,1),(67,'Chaim','Gonzalez','Omnis dolor enim rem-Chaim-Gonzalez-1732604662','1732604662-doctor.jpg','lojyvypis@mailinator.com','+1 (196) 115-2859','742','Omnis dolor enim rem',1971,'Sint fugit voluptat','1987-07-17','male',NULL,56.00,'<p>dfg sdgf dzfgfg dfg&nbsp;</p>','{}','active','2024-11-26 01:04:22','2024-11-26 01:04:22',NULL,9,1),(68,'Darius','Matthews','Sed qui qui repellen-Darius-Matthews-1733886354','1733886354-doctor.jpg','hixiv@mailinator.com','+1 (307) 702-1779','974','Sed qui qui repellen',1982,'Natus optio fuga N','2008-06-12','male',NULL,57.00,'Laboriosam a non as','{}','active','2024-12-10 21:05:54','2024-12-10 21:05:54',NULL,3,1),(69,'Diana','Gibbs','Dolor omnis id sunt-Diana-Gibbs-1733886423','default_doctor_avatar.png','qacypur@mailinator.com','+1 (195) 593-8808','156','Dolor omnis id sunt',1989,'Delectus iusto sequ','1984-12-21','other',NULL,65.00,'Et ratione quae odit','{}','active','2024-12-10 21:07:03','2024-12-10 21:07:03',NULL,6,1),(70,'Lacota','Barnes','Ipsa ea quo velit-Lacota-Barnes-1733886475','1733886475-doctor.jpg','xody@mailinator.com','+1 (836) 533-8804','183','Ipsa ea quo velit',2012,'Velit irure in excep','2013-05-02','male',NULL,88.00,'Itaque magnam ducimu','{}','active','2024-12-10 21:07:55','2024-12-10 21:07:55',NULL,10,1),(71,'Kiona','Poole','Dicta nulla sint vol-Kiona-Poole-1733886529','default_doctor_avatar.png','daveq@mailinator.com','+1 (769) 222-3629','320','Dicta nulla sint vol',2018,'Earum id dolores mai','2001-02-19','other',NULL,46.00,'Rerum ea aspernatur','{}','active','2024-12-10 21:08:49','2024-12-10 21:08:49',NULL,12,1),(72,'Rachel','Davis','Lorem aut occaecat f-Rachel-Davis-1733886636','default_doctor_avatar.png','byfivyluk@mailinator.com','+1 (317) 416-2853','525','Lorem aut occaecat f',2012,'Eos fuga Ad corpor','1978-05-03','male',NULL,30.00,'Quis minim officiis','{}','active','2024-12-10 21:10:36','2024-12-10 21:10:36',NULL,12,1),(73,'Baxter','Barber','Ut aspernatur enim q-Baxter-Barber-1733886752','default_doctor_avatar.png','cabe@mailinator.com','+1 (279) 242-9255','100','Ut aspernatur enim q',1995,'Id exercitation nat','1982-10-28','male',NULL,17.00,'Id tenetur dicta si','{}','active','2024-12-10 21:12:32','2024-12-10 21:12:32',NULL,9,1),(74,'Ariana','Schwartz','Perspiciatis illum-Ariana-Schwartz-1733887419','1733887419-doctor.jpg','pumabipik@mailinator.com','+1 (794) 158-3486','422','Perspiciatis illum',1998,'Animi mollit deseru','2009-10-01','female',NULL,64.00,NULL,'{}','active','2024-12-10 21:23:39','2024-12-10 21:23:39',NULL,2,1),(75,'Deirdre','Gallegos','Sequi qui excepturi-Deirdre-Gallegos-1733887475','1733887475-doctor.jpg','sybyfa@mailinator.com','+1 (638) 229-1427','581','Sequi qui excepturi',1978,'Quaerat aut et reici','1975-05-01','male',NULL,52.00,'<p>cxbxv</p>','{}','active','2024-12-10 21:24:35','2024-12-10 21:24:35',NULL,9,1),(76,'Aline','Flores','In eiusmod qui corpo-Aline-Flores-1733888761','default_doctor_avatar.png','hexyvejor@mailinator.com','+1 (938) 349-5733','570','In eiusmod qui corpo',2014,'Obcaecati enim sint','2015-05-16','female',NULL,14.00,'<p>gs dg sd</p>','{}','active','2024-12-10 21:46:01','2024-12-10 21:46:01',NULL,1,1),(77,'Oleg','Armstrong','Voluptate do magnam-Oleg-Armstrong-1733888815','default_doctor_avatar.png','qyboteryse@mailinator.com','+1 (147) 975-8671','427','Voluptate do magnam',1991,'Anim officia necessi','1973-06-17','male',NULL,72.00,'<p>dgf sdfg&nbsp;</p>','{}','active','2024-12-10 21:46:55','2024-12-10 21:46:55',NULL,9,1),(78,'Jin','Jenkins','Reprehenderit volup-Jin-Jenkins-1733888855','default_doctor_avatar.png','birino@mailinator.com','+1 (658) 472-9093','933','Reprehenderit volup',2018,'Assumenda sed nostru','2008-04-23','female',NULL,16.00,'<p>dgf sdfg&nbsp;</p>','{}','active','2024-12-10 21:47:35','2024-12-10 21:47:35',NULL,9,1),(79,'Aristotle','Hampton','Voluptate veniam re-Aristotle-Hampton-1733888896','default_doctor_avatar.png','zuryvosecu@mailinator.com','+1 (626) 395-5657','433','Voluptate veniam re',1992,'Quasi sed consequatu','2007-12-31','male',NULL,7.00,'<p>csf sd</p>','{}','active','2024-12-10 21:48:16','2024-12-10 21:48:16',NULL,8,1),(80,'Isadora','Lucas','Facere debitis eveni-Isadora-Lucas-1733888958','default_doctor_avatar.png','canuwu@mailinator.com','+1 (419) 253-2513','330','Facere debitis eveni',1974,'Dolorum magna dolor','1977-03-05','male',NULL,74.00,'<p>dfg dfgds&nbsp;</p>','{}','active','2024-12-10 21:49:18','2024-12-10 21:49:18',NULL,4,1),(81,'Jennifer','Lynch','Et et ipsa dolore f-Jennifer-Lynch-1733889717','default_doctor_avatar.png','cohocyjaji@mailinator.com','+1 (244) 552-2303','748','Et et ipsa dolore f',2000,'Cum possimus laboru','2008-09-25','male',NULL,95.00,'<p>fgh dgh&nbsp;</p>','{}','active','2024-12-10 22:01:57','2024-12-10 22:01:57',NULL,11,1),(82,'Yvette','Fitzgerald','Incididunt aliquid a-Yvette-Fitzgerald-1733889808','default_doctor_avatar.png','welyw@mailinator.com','+1 (319) 429-7567','608','Incididunt aliquid a',2015,'Asperiores excepturi','1975-08-15','other',NULL,26.00,'<p>db sdg&nbsp;</p>','{}','active','2024-12-10 22:03:28','2024-12-10 22:03:28',NULL,12,1),(83,'Shaeleigh','Sweet','Ex voluptatem animi-Shaeleigh-Sweet-1733889875','default_doctor_avatar.png','jumenipiq@mailinator.com','+1 (278) 456-8024','580','Ex voluptatem animi',1979,'Ipsum velit sit i','1999-11-10','female',NULL,9.00,'<p>dfgdsfg&nbsp;</p>','{}','active','2024-12-10 22:04:35','2024-12-10 22:04:35',NULL,9,1),(84,'Ainsley','Clarke','Sunt ipsa velit al-Ainsley-Clarke-1733889940','default_doctor_avatar.png','ziduk@mailinator.com','+1 (232) 971-4619','319','Sunt ipsa velit al',1992,'Ut vel tempore nost','1999-02-16','female',NULL,63.00,'<p>dgv zfs sa</p>','{}','active','2024-12-10 22:05:40','2024-12-10 22:05:40',NULL,4,1),(85,'Amos','Castro','Est labore aut dolor-Amos-Castro-1733890098','default_doctor_avatar.png','wisoqep@mailinator.com','+1 (687) 292-4952','339','Est labore aut dolor',2001,'Nemo optio illum i','2004-04-20','other',NULL,55.00,'<p>dzfgs dfg</p>','{}','active','2024-12-10 22:08:18','2024-12-10 22:08:18',NULL,10,1),(86,'Cairo','Joyner','Id sit commodo sit-Cairo-Joyner-1733890126','default_doctor_avatar.png','zevasimy@mailinator.com','+1 (151) 874-5078','834','Id sit commodo sit',1975,'Atque non placeat a','2016-07-02','female',NULL,30.00,'<p>dsg esr ea</p>','{}','active','2024-12-10 22:08:46','2024-12-10 22:08:46',NULL,3,1),(87,'Troy','Rowland','Iste sequi consectet-Troy-Rowland-1733890190','default_doctor_avatar.png','mugefo@mailinator.com','+1 (333) 841-8877','870','Iste sequi consectet',2010,'Et sed quod adipisci','2007-06-18','female',NULL,66.00,'<p>v zddfg&nbsp;</p>','{}','active','2024-12-10 22:09:50','2024-12-10 22:09:50',NULL,1,1),(88,'Judah','Barnett','Autem consequat Sit-Judah-Barnett-1733890297','default_doctor_avatar.png','mejawi@mailinator.com','+1 (184) 965-8281','128','Autem consequat Sit',1976,'Optio eveniet sunt','2009-11-20','other',NULL,20.00,'<p>dfg dsfg&nbsp;</p>','{}','active','2024-12-10 22:11:37','2024-12-10 22:11:37',NULL,3,1),(89,'Uta','Rich','Eius aut laudantium-Uta-Rich-1733890320','default_doctor_avatar.png','miwy@mailinator.com','+1 (953) 433-2445','969','Eius aut laudantium',2018,'Est voluptatum pari','2008-05-31','female',NULL,12.00,'<p>dfg dfzg&nbsp;</p>','{}','active','2024-12-10 22:12:00','2024-12-10 22:12:00',NULL,11,1),(90,'Janna','Harrison','Eos enim architecto-Janna-Harrison-1733890340','default_doctor_avatar.png','pomi@mailinator.com','+1 (779) 517-4275','711','Eos enim architecto',1999,'Voluptas quis conseq','1983-02-23','other',NULL,98.00,'<p>dg dfg g dfg sdf</p>','{}','active','2024-12-10 22:12:20','2024-12-10 22:12:20',NULL,11,1);
/*!40000 ALTER TABLE `doctors` ENABLE KEYS */;
UNLOCK TABLES;
DROP TABLE IF EXISTS `doctors_hospitals`;
/*!40101 SET @saved_cs_client     = @@character_set_client */;
/*!50503 SET character_set_client = utf8mb4 */;
CREATE TABLE `doctors_hospitals` (
  `id` bigint unsigned NOT NULL AUTO_INCREMENT,
  `doctor_id` bigint unsigned NOT NULL,
  `hospital_id` bigint unsigned NOT NULL,
  PRIMARY KEY (`id`)
) ENGINE=InnoDB AUTO_INCREMENT=43 DEFAULT CHARSET=utf8mb4 COLLATE=utf8mb4_unicode_ci;
/*!40101 SET character_set_client = @saved_cs_client */;

LOCK TABLES `doctors_hospitals` WRITE;
/*!40000 ALTER TABLE `doctors_hospitals` DISABLE KEYS */;
INSERT INTO `doctors_hospitals` VALUES (1,1,8),(2,1,9),(3,1,10),(4,1,11),(5,1,12),(6,1,13),(7,1,14),(8,1,15),(9,1,16),(10,1,17),(11,1,18),(12,1,19),(13,1,20),(14,1,21),(15,1,22),(16,62,1),(17,62,2),(18,62,3),(19,64,3),(20,66,3),(21,65,3),(22,67,3),(23,68,5),(24,69,66),(25,70,49),(26,71,75),(27,72,14),(28,73,13),(29,74,79),(30,75,39),(31,78,89),(32,79,22),(33,80,64),(34,81,94),(35,82,97),(36,83,98),(37,84,76),(38,85,49),(39,86,34),(40,87,48),(41,88,20),(42,89,49);
/*!40000 ALTER TABLE `doctors_hospitals` ENABLE KEYS */;
UNLOCK TABLES;
DROP TABLE IF EXISTS `doctors_languages`;
/*!40101 SET @saved_cs_client     = @@character_set_client */;
/*!50503 SET character_set_client = utf8mb4 */;
CREATE TABLE `doctors_languages` (
  `id` bigint unsigned NOT NULL AUTO_INCREMENT,
  `doctor_id` bigint unsigned NOT NULL,
  `language_id` bigint unsigned NOT NULL,
  `created_at` timestamp NULL DEFAULT NULL,
  `updated_at` timestamp NULL DEFAULT NULL,
  PRIMARY KEY (`id`)
) ENGINE=InnoDB AUTO_INCREMENT=27 DEFAULT CHARSET=utf8mb4 COLLATE=utf8mb4_unicode_ci;
/*!40101 SET character_set_client = @saved_cs_client */;

LOCK TABLES `doctors_languages` WRITE;
/*!40000 ALTER TABLE `doctors_languages` DISABLE KEYS */;
INSERT INTO `doctors_languages` VALUES (1,62,6,'2024-11-18 04:07:47','2024-11-18 04:07:47'),(2,63,3,'2024-11-21 05:02:56','2024-11-21 05:02:56'),(3,64,3,'2024-11-26 01:02:29','2024-11-26 01:02:29'),(4,65,4,'2024-11-26 01:03:00','2024-11-26 01:03:00'),(5,66,5,'2024-11-26 01:03:20','2024-11-26 01:03:20'),(6,67,6,'2024-11-26 01:04:22','2024-11-26 01:04:22'),(7,68,5,'2024-12-10 21:05:54','2024-12-10 21:05:54'),(8,69,5,'2024-12-10 21:07:03','2024-12-10 21:07:03'),(9,70,6,'2024-12-10 21:07:55','2024-12-10 21:07:55'),(10,71,6,'2024-12-10 21:08:49','2024-12-10 21:08:49'),(11,72,6,'2024-12-10 21:10:36','2024-12-10 21:10:36'),(12,73,3,'2024-12-10 21:12:32','2024-12-10 21:12:32'),(13,74,6,'2024-12-10 21:23:39','2024-12-10 21:23:39'),(14,75,6,'2024-12-10 21:24:35','2024-12-10 21:24:35'),(15,78,6,'2024-12-10 21:47:36','2024-12-10 21:47:36'),(16,79,2,'2024-12-10 21:48:16','2024-12-10 21:48:16'),(17,80,6,'2024-12-10 21:49:18','2024-12-10 21:49:18'),(18,81,5,'2024-12-10 22:01:57','2024-12-10 22:01:57'),(19,82,4,'2024-12-10 22:03:28','2024-12-10 22:03:28'),(20,83,6,'2024-12-10 22:04:35','2024-12-10 22:04:35'),(21,84,5,'2024-12-10 22:05:40','2024-12-10 22:05:40'),(22,85,5,'2024-12-10 22:08:18','2024-12-10 22:08:18'),(23,86,5,'2024-12-10 22:08:46','2024-12-10 22:08:46'),(24,87,6,'2024-12-10 22:09:50','2024-12-10 22:09:50'),(25,88,6,'2024-12-10 22:11:38','2024-12-10 22:11:38'),(26,89,6,'2024-12-10 22:12:00','2024-12-10 22:12:00');
/*!40000 ALTER TABLE `doctors_languages` ENABLE KEYS */;
UNLOCK TABLES;
DROP TABLE IF EXISTS `doctors_specialties`;
/*!40101 SET @saved_cs_client     = @@character_set_client */;
/*!50503 SET character_set_client = utf8mb4 */;
CREATE TABLE `doctors_specialties` (
  `id` bigint unsigned NOT NULL AUTO_INCREMENT,
  `speciality_id` bigint unsigned NOT NULL,
  `doctor_id` bigint unsigned NOT NULL,
  `status` enum('active','inactive') COLLATE utf8mb4_unicode_ci NOT NULL DEFAULT 'active',
  `created_at` timestamp NULL DEFAULT NULL,
  `updated_at` timestamp NULL DEFAULT NULL,
  PRIMARY KEY (`id`)
) ENGINE=InnoDB AUTO_INCREMENT=527 DEFAULT CHARSET=utf8mb4 COLLATE=utf8mb4_unicode_ci;
/*!40101 SET character_set_client = @saved_cs_client */;

LOCK TABLES `doctors_specialties` WRITE;
/*!40000 ALTER TABLE `doctors_specialties` DISABLE KEYS */;
INSERT INTO `doctors_specialties` VALUES (1,13,1,'active',NULL,NULL),(2,3,2,'active',NULL,NULL),(3,5,2,'active',NULL,NULL),(4,28,2,'active',NULL,NULL),(5,6,3,'active',NULL,NULL),(6,7,3,'active',NULL,NULL),(7,31,3,'active',NULL,NULL),(8,11,4,'active',NULL,NULL),(9,12,4,'active',NULL,NULL),(10,13,4,'active',NULL,NULL),(11,6,5,'active',NULL,NULL),(12,16,5,'active',NULL,NULL),(13,27,5,'active',NULL,NULL),(14,1,6,'active',NULL,NULL),(15,6,7,'active',NULL,NULL),(16,12,7,'active',NULL,NULL),(17,10,8,'active',NULL,NULL),(18,25,8,'active',NULL,NULL),(19,34,8,'active',NULL,NULL),(20,5,9,'active',NULL,NULL),(21,29,9,'active',NULL,NULL),(22,33,9,'active',NULL,NULL),(23,5,10,'active',NULL,NULL),(24,22,10,'active',NULL,NULL),(25,30,11,'active',NULL,NULL),(26,32,11,'active',NULL,NULL),(27,8,12,'active',NULL,NULL),(28,19,12,'active',NULL,NULL),(29,33,12,'active',NULL,NULL),(30,4,13,'active',NULL,NULL),(31,11,13,'active',NULL,NULL),(32,28,13,'active',NULL,NULL),(33,18,14,'active',NULL,NULL),(34,18,15,'active',NULL,NULL),(35,28,15,'active',NULL,NULL),(36,1,16,'active',NULL,NULL),(37,8,16,'active',NULL,NULL),(38,26,16,'active',NULL,NULL),(39,8,17,'active',NULL,NULL),(40,26,18,'active',NULL,NULL),(41,18,19,'active',NULL,NULL),(42,34,19,'active',NULL,NULL),(43,7,20,'active',NULL,NULL),(44,27,20,'active',NULL,NULL),(45,2,21,'active',NULL,NULL),(46,11,22,'active',NULL,NULL),(47,24,22,'active',NULL,NULL),(48,7,23,'active',NULL,NULL),(49,17,23,'active',NULL,NULL),(50,26,23,'active',NULL,NULL),(51,32,24,'active',NULL,NULL),(52,18,25,'active',NULL,NULL),(53,28,26,'active',NULL,NULL),(54,10,27,'active',NULL,NULL),(55,17,27,'active',NULL,NULL),(56,23,27,'active',NULL,NULL),(57,7,28,'active',NULL,NULL),(58,11,28,'active',NULL,NULL),(59,4,29,'active',NULL,NULL),(60,29,29,'active',NULL,NULL),(61,30,29,'active',NULL,NULL),(62,24,30,'active',NULL,NULL),(63,28,30,'active',NULL,NULL),(64,5,31,'active',NULL,NULL),(65,13,31,'active',NULL,NULL),(66,21,31,'active',NULL,NULL),(67,6,32,'active',NULL,NULL),(68,15,33,'active',NULL,NULL),(69,20,34,'active',NULL,NULL),(70,28,34,'active',NULL,NULL),(71,9,35,'active',NULL,NULL),(72,17,36,'active',NULL,NULL),(73,18,36,'active',NULL,NULL),(74,23,36,'active',NULL,NULL),(75,1,37,'active',NULL,NULL),(76,19,37,'active',NULL,NULL),(77,14,38,'active',NULL,NULL),(78,10,39,'active',NULL,NULL),(79,11,39,'active',NULL,NULL),(80,24,39,'active',NULL,NULL),(81,17,40,'active',NULL,NULL),(82,19,41,'active',NULL,NULL),(83,12,42,'active',NULL,NULL),(84,19,42,'active',NULL,NULL),(85,24,42,'active',NULL,NULL),(86,9,43,'active',NULL,NULL),(87,27,43,'active',NULL,NULL),(88,29,43,'active',NULL,NULL),(89,20,44,'active',NULL,NULL),(90,25,44,'active',NULL,NULL),(91,31,44,'active',NULL,NULL),(92,16,45,'active',NULL,NULL),(93,31,45,'active',NULL,NULL),(94,33,45,'active',NULL,NULL),(95,24,46,'active',NULL,NULL),(96,22,47,'active',NULL,NULL),(97,5,48,'active',NULL,NULL),(98,11,48,'active',NULL,NULL),(99,15,48,'active',NULL,NULL),(100,25,49,'active',NULL,NULL),(101,2,50,'active',NULL,NULL),(102,25,50,'active',NULL,NULL),(103,27,50,'active',NULL,NULL),(104,5,51,'active',NULL,NULL),(105,23,51,'active',NULL,NULL),(106,33,51,'active',NULL,NULL),(107,17,52,'active',NULL,NULL),(108,18,52,'active',NULL,NULL),(109,30,52,'active',NULL,NULL),(110,21,53,'active',NULL,NULL),(111,26,53,'active',NULL,NULL),(112,6,54,'active',NULL,NULL),(113,16,54,'active',NULL,NULL),(114,23,54,'active',NULL,NULL),(115,18,55,'active',NULL,NULL),(116,30,55,'active',NULL,NULL),(117,6,56,'active',NULL,NULL),(118,30,56,'active',NULL,NULL),(119,9,57,'active',NULL,NULL),(120,17,57,'active',NULL,NULL),(121,23,57,'active',NULL,NULL),(122,22,58,'active',NULL,NULL),(123,11,59,'active',NULL,NULL),(124,16,59,'active',NULL,NULL),(125,13,60,'active',NULL,NULL),(126,28,60,'active',NULL,NULL),(127,6,61,'active',NULL,NULL),(128,19,61,'active',NULL,NULL),(129,10,1,'active',NULL,NULL),(130,11,1,'active',NULL,NULL),(131,12,1,'active',NULL,NULL),(132,4,62,'active',NULL,NULL),(133,5,62,'active',NULL,NULL),(134,8,62,'active',NULL,NULL),(135,9,62,'active',NULL,NULL),(136,10,62,'active',NULL,NULL),(137,11,62,'active',NULL,NULL),(138,15,62,'active',NULL,NULL),(139,16,62,'active',NULL,NULL),(140,17,62,'active',NULL,NULL),(141,18,62,'active',NULL,NULL),(142,21,62,'active',NULL,NULL),(143,24,62,'active',NULL,NULL),(144,29,62,'active',NULL,NULL),(145,30,62,'active',NULL,NULL),(146,32,62,'active',NULL,NULL),(147,33,62,'active',NULL,NULL),(148,6,63,'active',NULL,NULL),(149,10,63,'active',NULL,NULL),(150,14,63,'active',NULL,NULL),(151,24,63,'active',NULL,NULL),(152,26,63,'active',NULL,NULL),(153,30,63,'active',NULL,NULL),(154,34,63,'active',NULL,NULL),(155,2,64,'active',NULL,NULL),(156,3,64,'active',NULL,NULL),(157,4,64,'active',NULL,NULL),(158,9,64,'active',NULL,NULL),(159,11,64,'active',NULL,NULL),(160,12,64,'active',NULL,NULL),(161,14,64,'active',NULL,NULL),(162,15,64,'active',NULL,NULL),(163,17,64,'active',NULL,NULL),(164,19,64,'active',NULL,NULL),(165,20,64,'active',NULL,NULL),(166,23,64,'active',NULL,NULL),(167,25,64,'active',NULL,NULL),(168,28,64,'active',NULL,NULL),(169,29,64,'active',NULL,NULL),(170,31,64,'active',NULL,NULL),(171,33,64,'active',NULL,NULL),(172,2,65,'active',NULL,NULL),(173,4,65,'active',NULL,NULL),(174,5,65,'active',NULL,NULL),(175,7,65,'active',NULL,NULL),(176,8,65,'active',NULL,NULL),(177,9,65,'active',NULL,NULL),(178,10,65,'active',NULL,NULL),(179,14,65,'active',NULL,NULL),(180,15,65,'active',NULL,NULL),(181,19,65,'active',NULL,NULL),(182,20,65,'active',NULL,NULL),(183,24,65,'active',NULL,NULL),(184,25,65,'active',NULL,NULL),(185,27,65,'active',NULL,NULL),(186,29,65,'active',NULL,NULL),(187,32,65,'active',NULL,NULL),(188,33,65,'active',NULL,NULL),(189,2,66,'active',NULL,NULL),(190,6,66,'active',NULL,NULL),(191,9,66,'active',NULL,NULL),(192,11,66,'active',NULL,NULL),(193,16,66,'active',NULL,NULL),(194,18,66,'active',NULL,NULL),(195,20,66,'active',NULL,NULL),(196,23,66,'active',NULL,NULL),(197,30,66,'active',NULL,NULL),(198,31,66,'active',NULL,NULL),(199,32,66,'active',NULL,NULL),(200,8,67,'active',NULL,NULL),(201,23,67,'active',NULL,NULL),(202,2,68,'active',NULL,NULL),(203,3,68,'active',NULL,NULL),(204,4,68,'active',NULL,NULL),(205,7,68,'active',NULL,NULL),(206,10,68,'active',NULL,NULL),(207,11,68,'active',NULL,NULL),(208,12,68,'active',NULL,NULL),(209,13,68,'active',NULL,NULL),(210,14,68,'active',NULL,NULL),(211,15,68,'active',NULL,NULL),(212,16,68,'active',NULL,NULL),(213,17,68,'active',NULL,NULL),(214,18,68,'active',NULL,NULL),(215,19,68,'active',NULL,NULL),(216,20,68,'active',NULL,NULL),(217,26,68,'active',NULL,NULL),(218,27,68,'active',NULL,NULL),(219,30,68,'active',NULL,NULL),(220,31,68,'active',NULL,NULL),(221,32,68,'active',NULL,NULL),(222,34,68,'active',NULL,NULL),(223,4,69,'active',NULL,NULL),(224,5,69,'active',NULL,NULL),(225,6,69,'active',NULL,NULL),(226,8,69,'active',NULL,NULL),(227,10,69,'active',NULL,NULL),(228,11,69,'active',NULL,NULL),(229,13,69,'active',NULL,NULL),(230,14,69,'active',NULL,NULL),(231,16,69,'active',NULL,NULL),(232,18,69,'active',NULL,NULL),(233,20,69,'active',NULL,NULL),(234,21,69,'active',NULL,NULL),(235,22,69,'active',NULL,NULL),(236,26,69,'active',NULL,NULL),(237,30,69,'active',NULL,NULL),(238,31,69,'active',NULL,NULL),(239,33,69,'active',NULL,NULL),(240,34,69,'active',NULL,NULL),(241,2,70,'active',NULL,NULL),(242,4,70,'active',NULL,NULL),(243,6,70,'active',NULL,NULL),(244,8,70,'active',NULL,NULL),(245,13,70,'active',NULL,NULL),(246,14,70,'active',NULL,NULL),(247,17,70,'active',NULL,NULL),(248,18,70,'active',NULL,NULL),(249,19,70,'active',NULL,NULL),(250,20,70,'active',NULL,NULL),(251,22,70,'active',NULL,NULL),(252,27,70,'active',NULL,NULL),(253,33,70,'active',NULL,NULL),(254,2,71,'active',NULL,NULL),(255,3,71,'active',NULL,NULL),(256,4,71,'active',NULL,NULL),(257,8,71,'active',NULL,NULL),(258,13,71,'active',NULL,NULL),(259,18,71,'active',NULL,NULL),(260,19,71,'active',NULL,NULL),(261,21,71,'active',NULL,NULL),(262,22,71,'active',NULL,NULL),(263,23,71,'active',NULL,NULL),(264,24,71,'active',NULL,NULL),(265,26,71,'active',NULL,NULL),(266,28,71,'active',NULL,NULL),(267,31,71,'active',NULL,NULL),(268,32,71,'active',NULL,NULL),(269,33,71,'active',NULL,NULL),(270,5,72,'active',NULL,NULL),(271,7,72,'active',NULL,NULL),(272,16,72,'active',NULL,NULL),(273,27,72,'active',NULL,NULL),(274,32,72,'active',NULL,NULL),(275,33,72,'active',NULL,NULL),(276,2,73,'active',NULL,NULL),(277,5,73,'active',NULL,NULL),(278,6,73,'active',NULL,NULL),(279,8,73,'active',NULL,NULL),(280,9,73,'active',NULL,NULL),(281,11,73,'active',NULL,NULL),(282,12,73,'active',NULL,NULL),(283,14,73,'active',NULL,NULL),(284,16,73,'active',NULL,NULL),(285,21,73,'active',NULL,NULL),(286,22,73,'active',NULL,NULL),(287,26,73,'active',NULL,NULL),(288,27,73,'active',NULL,NULL),(289,28,73,'active',NULL,NULL),(290,29,73,'active',NULL,NULL),(291,31,73,'active',NULL,NULL),(292,32,73,'active',NULL,NULL),(293,33,73,'active',NULL,NULL),(294,2,74,'active',NULL,NULL),(295,4,74,'active',NULL,NULL),(296,5,74,'active',NULL,NULL),(297,7,74,'active',NULL,NULL),(298,9,74,'active',NULL,NULL),(299,10,74,'active',NULL,NULL),(300,12,74,'active',NULL,NULL),(301,15,74,'active',NULL,NULL),(302,19,74,'active',NULL,NULL),(303,21,74,'active',NULL,NULL),(304,24,74,'active',NULL,NULL),(305,26,74,'active',NULL,NULL),(306,29,74,'active',NULL,NULL),(307,30,74,'active',NULL,NULL),(308,31,74,'active',NULL,NULL),(309,34,74,'active',NULL,NULL),(310,4,75,'active',NULL,NULL),(311,5,75,'active',NULL,NULL),(312,7,75,'active',NULL,NULL),(313,8,75,'active',NULL,NULL),(314,11,75,'active',NULL,NULL),(315,13,75,'active',NULL,NULL),(316,15,75,'active',NULL,NULL),(317,18,75,'active',NULL,NULL),(318,19,75,'active',NULL,NULL),(319,21,75,'active',NULL,NULL),(320,22,75,'active',NULL,NULL),(321,24,75,'active',NULL,NULL),(322,25,75,'active',NULL,NULL),(323,27,75,'active',NULL,NULL),(324,28,75,'active',NULL,NULL),(325,29,75,'active',NULL,NULL),(326,31,75,'active',NULL,NULL),(327,32,75,'active',NULL,NULL),(328,33,75,'active',NULL,NULL),(329,3,78,'active',NULL,NULL),(330,4,78,'active',NULL,NULL),(331,5,78,'active',NULL,NULL),(332,7,78,'active',NULL,NULL),(333,8,78,'active',NULL,NULL),(334,9,78,'active',NULL,NULL),(335,10,78,'active',NULL,NULL),(336,13,78,'active',NULL,NULL),(337,15,78,'active',NULL,NULL),(338,17,78,'active',NULL,NULL),(339,18,78,'active',NULL,NULL),(340,21,78,'active',NULL,NULL),(341,24,78,'active',NULL,NULL),(342,26,78,'active',NULL,NULL),(343,28,78,'active',NULL,NULL),(344,29,78,'active',NULL,NULL),(345,30,78,'active',NULL,NULL),(346,31,78,'active',NULL,NULL),(347,33,78,'active',NULL,NULL),(348,34,78,'active',NULL,NULL),(349,5,79,'active',NULL,NULL),(350,7,79,'active',NULL,NULL),(351,13,79,'active',NULL,NULL),(352,26,79,'active',NULL,NULL),(353,3,80,'active',NULL,NULL),(354,4,80,'active',NULL,NULL),(355,5,80,'active',NULL,NULL),(356,6,80,'active',NULL,NULL),(357,7,80,'active',NULL,NULL),(358,9,80,'active',NULL,NULL),(359,11,80,'active',NULL,NULL),(360,12,80,'active',NULL,NULL),(361,13,80,'active',NULL,NULL),(362,14,80,'active',NULL,NULL),(363,15,80,'active',NULL,NULL),(364,18,80,'active',NULL,NULL),(365,19,80,'active',NULL,NULL),(366,21,80,'active',NULL,NULL),(367,22,80,'active',NULL,NULL),(368,23,80,'active',NULL,NULL),(369,24,80,'active',NULL,NULL),(370,25,80,'active',NULL,NULL),(371,26,80,'active',NULL,NULL),(372,29,80,'active',NULL,NULL),(373,33,80,'active',NULL,NULL),(374,2,81,'active',NULL,NULL),(375,6,81,'active',NULL,NULL),(376,10,81,'active',NULL,NULL),(377,11,81,'active',NULL,NULL),(378,13,81,'active',NULL,NULL),(379,14,81,'active',NULL,NULL),(380,16,81,'active',NULL,NULL),(381,17,81,'active',NULL,NULL),(382,18,81,'active',NULL,NULL),(383,21,81,'active',NULL,NULL),(384,25,81,'active',NULL,NULL),(385,27,81,'active',NULL,NULL),(386,33,81,'active',NULL,NULL),(387,34,81,'active',NULL,NULL),(388,4,82,'active',NULL,NULL),(389,5,82,'active',NULL,NULL),(390,6,82,'active',NULL,NULL),(391,7,82,'active',NULL,NULL),(392,9,82,'active',NULL,NULL),(393,10,82,'active',NULL,NULL),(394,12,82,'active',NULL,NULL),(395,13,82,'active',NULL,NULL),(396,15,82,'active',NULL,NULL),(397,16,82,'active',NULL,NULL),(398,17,82,'active',NULL,NULL),(399,21,82,'active',NULL,NULL),(400,22,82,'active',NULL,NULL),(401,23,82,'active',NULL,NULL),(402,25,82,'active',NULL,NULL),(403,26,82,'active',NULL,NULL),(404,27,82,'active',NULL,NULL),(405,28,82,'active',NULL,NULL),(406,30,82,'active',NULL,NULL),(407,31,82,'active',NULL,NULL),(408,33,82,'active',NULL,NULL),(409,34,82,'active',NULL,NULL),(410,2,83,'active',NULL,NULL),(411,4,83,'active',NULL,NULL),(412,5,83,'active',NULL,NULL),(413,7,83,'active',NULL,NULL),(414,8,83,'active',NULL,NULL),(415,9,83,'active',NULL,NULL),(416,14,83,'active',NULL,NULL),(417,18,83,'active',NULL,NULL),(418,19,83,'active',NULL,NULL),(419,20,83,'active',NULL,NULL),(420,21,83,'active',NULL,NULL),(421,22,83,'active',NULL,NULL),(422,23,83,'active',NULL,NULL),(423,24,83,'active',NULL,NULL),(424,25,83,'active',NULL,NULL),(425,26,83,'active',NULL,NULL),(426,29,83,'active',NULL,NULL),(427,30,83,'active',NULL,NULL),(428,32,83,'active',NULL,NULL),(429,33,83,'active',NULL,NULL),(430,2,84,'active',NULL,NULL),(431,4,84,'active',NULL,NULL),(432,6,84,'active',NULL,NULL),(433,7,84,'active',NULL,NULL),(434,8,84,'active',NULL,NULL),(435,9,84,'active',NULL,NULL),(436,11,84,'active',NULL,NULL),(437,12,84,'active',NULL,NULL),(438,18,84,'active',NULL,NULL),(439,19,84,'active',NULL,NULL),(440,20,84,'active',NULL,NULL),(441,22,84,'active',NULL,NULL),(442,24,84,'active',NULL,NULL),(443,25,84,'active',NULL,NULL),(444,27,84,'active',NULL,NULL),(445,31,84,'active',NULL,NULL),(446,33,84,'active',NULL,NULL),(447,2,85,'active',NULL,NULL),(448,6,85,'active',NULL,NULL),(449,9,85,'active',NULL,NULL),(450,13,85,'active',NULL,NULL),(451,17,85,'active',NULL,NULL),(452,19,85,'active',NULL,NULL),(453,21,85,'active',NULL,NULL),(454,22,85,'active',NULL,NULL),(455,24,85,'active',NULL,NULL),(456,25,85,'active',NULL,NULL),(457,27,85,'active',NULL,NULL),(458,33,85,'active',NULL,NULL),(459,4,86,'active',NULL,NULL),(460,5,86,'active',NULL,NULL),(461,6,86,'active',NULL,NULL),(462,9,86,'active',NULL,NULL),(463,10,86,'active',NULL,NULL),(464,11,86,'active',NULL,NULL),(465,12,86,'active',NULL,NULL),(466,13,86,'active',NULL,NULL),(467,14,86,'active',NULL,NULL),(468,16,86,'active',NULL,NULL),(469,18,86,'active',NULL,NULL),(470,19,86,'active',NULL,NULL),(471,21,86,'active',NULL,NULL),(472,26,86,'active',NULL,NULL),(473,28,86,'active',NULL,NULL),(474,29,86,'active',NULL,NULL),(475,30,86,'active',NULL,NULL),(476,32,86,'active',NULL,NULL),(477,33,86,'active',NULL,NULL),(478,2,87,'active',NULL,NULL),(479,3,87,'active',NULL,NULL),(480,6,87,'active',NULL,NULL),(481,8,87,'active',NULL,NULL),(482,10,87,'active',NULL,NULL),(483,14,87,'active',NULL,NULL),(484,16,87,'active',NULL,NULL),(485,18,87,'active',NULL,NULL),(486,21,87,'active',NULL,NULL),(487,22,87,'active',NULL,NULL),(488,23,87,'active',NULL,NULL),(489,24,87,'active',NULL,NULL),(490,26,87,'active',NULL,NULL),(491,27,87,'active',NULL,NULL),(492,29,87,'active',NULL,NULL),(493,30,87,'active',NULL,NULL),(494,31,87,'active',NULL,NULL),(495,32,87,'active',NULL,NULL),(496,4,88,'active',NULL,NULL),(497,5,88,'active',NULL,NULL),(498,6,88,'active',NULL,NULL),(499,8,88,'active',NULL,NULL),(500,10,88,'active',NULL,NULL),(501,11,88,'active',NULL,NULL),(502,13,88,'active',NULL,NULL),(503,15,88,'active',NULL,NULL),(504,17,88,'active',NULL,NULL),(505,18,88,'active',NULL,NULL),(506,19,88,'active',NULL,NULL),(507,20,88,'active',NULL,NULL),(508,22,88,'active',NULL,NULL),(509,24,88,'active',NULL,NULL),(510,26,88,'active',NULL,NULL),(511,27,88,'active',NULL,NULL),(512,28,88,'active',NULL,NULL),(513,30,88,'active',NULL,NULL),(514,32,88,'active',NULL,NULL),(515,33,88,'active',NULL,NULL),(516,34,88,'active',NULL,NULL),(517,8,89,'active',NULL,NULL),(518,10,89,'active',NULL,NULL),(519,11,89,'active',NULL,NULL),(520,12,89,'active',NULL,NULL),(521,14,89,'active',NULL,NULL),(522,22,89,'active',NULL,NULL),(523,27,89,'active',NULL,NULL),(524,31,89,'active',NULL,NULL),(525,32,89,'active',NULL,NULL),(526,33,89,'active',NULL,NULL);
/*!40000 ALTER TABLE `doctors_specialties` ENABLE KEYS */;
UNLOCK TABLES;
DROP TABLE IF EXISTS `failed_jobs`;
/*!40101 SET @saved_cs_client     = @@character_set_client */;
/*!50503 SET character_set_client = utf8mb4 */;
CREATE TABLE `failed_jobs` (
  `id` bigint unsigned NOT NULL AUTO_INCREMENT,
  `uuid` varchar(255) COLLATE utf8mb4_unicode_ci NOT NULL,
  `connection` text COLLATE utf8mb4_unicode_ci NOT NULL,
  `queue` text COLLATE utf8mb4_unicode_ci NOT NULL,
  `payload` longtext COLLATE utf8mb4_unicode_ci NOT NULL,
  `exception` longtext COLLATE utf8mb4_unicode_ci NOT NULL,
  `failed_at` timestamp NOT NULL DEFAULT CURRENT_TIMESTAMP,
  PRIMARY KEY (`id`),
  UNIQUE KEY `failed_jobs_uuid_unique` (`uuid`)
) ENGINE=InnoDB DEFAULT CHARSET=utf8mb4 COLLATE=utf8mb4_unicode_ci;
/*!40101 SET character_set_client = @saved_cs_client */;

LOCK TABLES `failed_jobs` WRITE;
/*!40000 ALTER TABLE `failed_jobs` DISABLE KEYS */;
/*!40000 ALTER TABLE `failed_jobs` ENABLE KEYS */;
UNLOCK TABLES;
DROP TABLE IF EXISTS `hospitals`;
/*!40101 SET @saved_cs_client     = @@character_set_client */;
/*!50503 SET character_set_client = utf8mb4 */;
CREATE TABLE `hospitals` (
  `id` bigint unsigned NOT NULL AUTO_INCREMENT,
  `name` varchar(255) COLLATE utf8mb4_unicode_ci NOT NULL,
  `slug` varchar(255) COLLATE utf8mb4_unicode_ci DEFAULT NULL,
  `image` varchar(255) COLLATE utf8mb4_unicode_ci NOT NULL DEFAULT 'default_hospital.png',
  `address` varchar(255) COLLATE utf8mb4_unicode_ci DEFAULT NULL,
  `moto` longtext COLLATE utf8mb4_unicode_ci,
  `state` varchar(255) COLLATE utf8mb4_unicode_ci DEFAULT NULL,
  `zipcode` varchar(255) COLLATE utf8mb4_unicode_ci DEFAULT NULL,
  `phone` varchar(255) COLLATE utf8mb4_unicode_ci DEFAULT NULL,
  `phone_2` varchar(255) COLLATE utf8mb4_unicode_ci DEFAULT NULL,
  `public` tinyint(1) NOT NULL DEFAULT '0',
  `type` enum('General','Specialty','Cardiac','Oncology','Child Care','Orthopedic','Psychiatric','University','Rehabilitation','Trauma','Veteran','Rural','Private','Government','Critical Access','Outpatient','Long-Term Care','Research') COLLATE utf8mb4_unicode_ci NOT NULL DEFAULT 'General',
  `created_at` timestamp NULL DEFAULT NULL,
  `updated_at` timestamp NULL DEFAULT NULL,
  `item_in_homepage_slider` tinyint(1) NOT NULL DEFAULT '0',
  `city_id` bigint unsigned DEFAULT NULL,
  PRIMARY KEY (`id`),
  UNIQUE KEY `hospitals_slug_unique` (`slug`)
) ENGINE=InnoDB AUTO_INCREMENT=101 DEFAULT CHARSET=utf8mb4 COLLATE=utf8mb4_unicode_ci;
/*!40101 SET character_set_client = @saved_cs_client */;

LOCK TABLES `hospitals` WRITE;
/*!40000 ALTER TABLE `hospitals` DISABLE KEYS */;
INSERT INTO `hospitals` VALUES (1,'Abagail Smitham III','quia-deserunt-inventore-debitis-amet-et-est-perspiciatis-eos','default_hospital.png','8424 Hane Viaduct\nWest Sebastianstad, SC 48411-2167','Modi ut id ut veniam et sit neque. Totam aut blanditiis fugiat quas. Animi ad voluptas sed aspernatur iste.',NULL,'71222-4492','+1-434-499-6095',NULL,0,'General','2024-11-18 03:15:05','2024-11-18 03:15:05',0,3),(2,'Casey Heidenreich','consectetur-voluptates-in-enim-illo','default_hospital.png','8023 Eldon Lane Apt. 872\nNorth Rociohaven, IA 52667-4245','Error aperiam dolores deserunt asperiores ullam accusamus sint. Dolore molestiae similique accusantium voluptate sapiente eos tempore. Et perferendis expedita quidem molestiae.',NULL,'90755-7664','(218) 381-6227',NULL,0,'General','2024-11-18 03:15:05','2024-11-18 03:15:05',0,6),(3,'Franz Littel','pariatur-ea-consequatur-repudiandae-perferendis-nostrum-tempora','default_hospital.png','705 Gutmann Square Suite 326\nAdelleborough, VA 59429-3948','A sint qui molestias nemo ut est. Reiciendis ea dolores perspiciatis aut quaerat non. Corrupti non aut culpa ut. Voluptatem fugit eum quae ea et. Vel non inventore qui aut placeat.',NULL,'86663-3719','985.719.8420',NULL,0,'General','2024-11-18 03:15:05','2024-11-18 03:15:05',0,2),(4,'Misael Quigley','enim-sit-non-sapiente-debitis','default_hospital.png','6492 Haag Well\nKilbackmouth, CO 30851-2650','Enim delectus vero pariatur labore. Est sed repellendus eum sunt vitae quia a. Placeat animi impedit odit odio blanditiis suscipit fugiat qui. Fuga magnam libero ad voluptates illo et.',NULL,'00972-4306','(248) 829-1980',NULL,0,'General','2024-11-18 03:15:05','2024-11-18 03:15:05',0,2),(5,'Bernice Kihn','odio-saepe-qui-eos-non-corrupti-magni-quis-consequuntur','default_hospital.png','139 Marcelino Plains\nAhmedchester, KS 07146','Odio corrupti eius hic omnis nam. Mollitia nobis quia saepe sequi distinctio repudiandae. Dolorem ab aperiam quo corrupti.',NULL,'16548','(269) 960-2006',NULL,0,'General','2024-11-18 03:15:05','2024-11-18 03:15:05',0,4),(6,'Adelle Terry','quidem-esse-est-at-officia-adipisci','default_hospital.png','97494 Frami Rapid Suite 450\nEast Cayla, ME 33452','Praesentium ut dolorem minus totam enim illo. Quasi cum provident laboriosam omnis expedita quam dolores possimus.',NULL,'25532-0866','864.681.8364',NULL,0,'General','2024-11-18 03:15:05','2024-11-18 03:15:05',0,7),(7,'Dayne Vandervort','ad-qui-hic-tempora-quia','default_hospital.png','2679 Wilkinson Drive\nEast Arnold, PA 03314','Modi ducimus enim quasi vero vero. Eos placeat ipsum sit animi et voluptas inventore et. Rem vitae dolores quasi ad ipsa distinctio tempora et.',NULL,'88240','+1-804-977-4874',NULL,0,'General','2024-11-18 03:15:05','2024-11-18 03:15:05',0,1),(8,'Emory Gorczany','eum-at-consequuntur-exercitationem-illum','default_hospital.png','7480 Alda Plaza\nLarsonshire, MI 40199','Eos maxime porro est voluptate voluptatem quis ipsam. Eos iure cumque tempora provident rerum minima dolores. Aut occaecati nobis error quia. Tenetur dolor dolor aperiam molestias.',NULL,'24444-0548','540-239-3787',NULL,0,'General','2024-11-18 03:15:05','2024-11-18 03:15:05',0,8),(9,'Enrique Waelchi','tempore-culpa-nostrum-voluptas-reiciendis-eius-aut-modi','default_hospital.png','121 Odessa Court Suite 367\nEast Marquesside, MN 96016','Cumque quasi qui et ipsa. Natus voluptatibus minima deleniti. Tenetur dolorem enim ullam sit corrupti tempore sapiente.',NULL,'91035-6906','+1.321.654.5614',NULL,0,'General','2024-11-18 03:15:05','2024-11-18 03:15:05',0,11),(10,'Jasper Cruickshank IV','temporibus-minus-dolorem-quia-commodi-atque-ea-enim','default_hospital.png','257 Thompson Alley\nLake Angel, ID 20257','Blanditiis vitae voluptatem nam. Est porro iste explicabo. Nulla voluptatem id et. Eligendi alias optio vel officiis laudantium doloremque.',NULL,'63929','248.769.9074',NULL,0,'General','2024-11-18 03:15:05','2024-11-18 03:15:05',0,6),(11,'Dr. Reggie Brakus II','eos-fugiat-accusantium-facere-soluta-tenetur-natus-animi','default_hospital.png','9564 Schaefer Stream Apt. 394\nHarveymouth, VT 99053-9096','Et alias pariatur saepe minima ab tenetur. Quo sint facere molestiae praesentium aut qui. Accusamus dicta sequi dicta quis doloremque id consequatur et.',NULL,'78351','(979) 741-1361',NULL,0,'General','2024-11-18 03:15:05','2024-11-18 03:15:05',0,8),(12,'Rodger Lindgren III','dolor-maiores-reiciendis-error-sed-aut','default_hospital.png','2906 Tyra Cliff Suite 731\nNorth Hudson, OK 09939','Quia ex sequi similique nostrum ut. Vero quia ullam impedit repudiandae veritatis blanditiis. Alias vitae architecto et aut.',NULL,'55937','+1 (608) 900-6119',NULL,0,'General','2024-11-18 03:15:05','2024-11-18 03:15:05',0,10),(13,'Andy Schuppe II','non-corrupti-voluptatibus-quis-unde','default_hospital.png','818 Devyn Fort Apt. 316\nGradyland, MO 25262-4424','Mollitia aperiam nemo vel qui accusantium laboriosam. Sunt molestiae totam quia et. Ipsam illum qui qui eum vero ullam. Aut impedit cumque non quia omnis.',NULL,'12126-5987','1-803-221-7280',NULL,0,'General','2024-11-18 03:15:05','2024-11-18 03:15:05',0,5),(14,'Donavon Quigley','est-aperiam-qui-autem-autem-ipsam-quos-eum-a','default_hospital.png','818 Hand Wells Apt. 708\nKayafort, ND 41478-1081','Est tempora molestiae a eos sequi quam. Molestiae ratione autem ut laborum earum vel quas. Quidem autem eaque amet voluptatem ut quo. Sed quo et error quaerat sapiente omnis.',NULL,'02611','+1.828.861.0978',NULL,0,'General','2024-11-18 03:15:05','2024-11-18 03:15:05',0,9),(15,'Dr. Lucile Armstrong','quam-ipsam-provident-beatae-ipsum-commodi','default_hospital.png','716 Tiara View\nLake Aurelia, NV 57313-6881','Officia quis velit sint temporibus rem optio. Eos nihil nihil qui. Deleniti eos est deserunt rerum iusto inventore libero. Labore saepe dicta voluptatem nisi. Officiis sit ut omnis unde.',NULL,'82591-3037','+1.234.751.1061',NULL,0,'General','2024-11-18 03:15:05','2024-11-18 03:15:05',0,3),(16,'Tod Greenholt DDS','esse-in-minus-libero-voluptas-voluptatem-animi-at','default_hospital.png','464 Velva Summit\nKaleborough, MN 26263','Odit et asperiores deleniti dolore vitae. Est eum aperiam nulla ullam. Illo eum aut numquam provident. Natus aut eaque qui deserunt.',NULL,'77178-1727','+1 (660) 207-1401',NULL,0,'General','2024-11-18 03:15:05','2024-11-18 03:15:05',0,5),(17,'Abbey McClure','unde-vero-ex-necessitatibus-itaque-et-distinctio','default_hospital.png','88428 Hilpert Vista\nMitchellchester, KS 04552-4184','Assumenda et ut incidunt aspernatur est temporibus dolorem. Error non eos accusantium dolor aliquam eum excepturi vel. Tempore natus excepturi tenetur. Modi libero debitis magni maxime maiores.',NULL,'58071-6217','531.232.8159',NULL,0,'General','2024-11-18 03:15:05','2024-11-18 03:15:05',0,5),(18,'Amara Dibbert','corrupti-exercitationem-maiores-autem-ut','default_hospital.png','55914 Cummings Highway\nWest Juliusview, AL 72686-7991','Reprehenderit dolorem unde ut accusamus voluptas. Explicabo quibusdam quibusdam quia harum. Cumque quis error rerum quam impedit unde.',NULL,'35110-7752','(805) 496-6791',NULL,0,'General','2024-11-18 03:15:05','2024-11-18 03:15:05',0,11),(19,'Monserrate Swaniawski','sint-animi-rerum-voluptas-voluptates-aut-nesciunt-enim','default_hospital.png','600 Cletus Walks\nLake Giovanni, NJ 32156-4785','Quia rerum voluptate dolores aliquam corrupti repellat repellendus. Incidunt eligendi id suscipit natus in corrupti quia. Optio sit minus maiores mollitia enim voluptatem dolorum odit.',NULL,'77486','763-750-3403',NULL,0,'General','2024-11-18 03:15:05','2024-11-18 03:15:05',0,9),(20,'Toney Mitchell','possimus-voluptatum-recusandae-ut-commodi-impedit','default_hospital.png','353 Kuhlman Inlet\nFriesenberg, VT 25671','Quia numquam est ea cumque expedita. Perspiciatis repudiandae et et voluptas. Qui eum nisi praesentium sed id.',NULL,'93829-0670','615.884.3739',NULL,0,'General','2024-11-18 03:15:05','2024-11-18 03:15:05',0,1),(21,'Thad Schaefer','voluptas-voluptate-vero-est-eaque-ipsum-blanditiis','default_hospital.png','6879 Evie Green Apt. 356\nEldonville, LA 65123-5004','Illo dicta reiciendis atque laudantium. Dignissimos eos alias sed voluptates. Ab eligendi molestias qui. Quo voluptates et debitis maxime sint pariatur et.',NULL,'80325','740.812.1706',NULL,0,'General','2024-11-18 03:15:05','2024-11-18 03:15:05',0,7),(22,'Prof. Joan Dickinson','beatae-architecto-quidem-enim-libero','default_hospital.png','802 Hand Path\nMyahfurt, UT 40027-9263','Voluptas doloremque et eum enim porro ipsam nam. Non assumenda in in dolore accusamus quo. Accusamus voluptas cumque praesentium. Doloribus tenetur id quia officiis cumque.',NULL,'08279-4630','+1-307-803-2637',NULL,0,'General','2024-11-18 03:15:05','2024-11-18 03:15:05',0,10),(23,'Mr. Houston Lind III','minima-animi-maiores-expedita-est-aut','default_hospital.png','7172 Friesen Cliff\nWest Odessaland, OR 15671-6891','Minima odio pariatur exercitationem. Qui inventore nemo sed. Et et occaecati aliquid accusantium et et nobis. Dicta assumenda ut voluptas ea dicta.',NULL,'31597-1796','+1-936-313-1583',NULL,0,'General','2024-11-18 03:15:05','2024-11-18 03:15:05',0,3),(24,'Edward Gleichner','aut-voluptate-consectetur-distinctio-nemo-illum','default_hospital.png','170 Kutch Alley Apt. 122\nMadisonview, CT 98155','Omnis recusandae nulla eveniet officiis necessitatibus esse. Quibusdam voluptatibus aut et at. Eos eum voluptatum id ea possimus labore velit rerum. Et pariatur magnam architecto cum sed.',NULL,'10184','757.461.9014',NULL,0,'General','2024-11-18 03:15:05','2024-11-18 03:15:05',0,7),(25,'Mr. Wilber Christiansen','dolorem-numquam-corrupti-asperiores-quisquam-earum-omnis-officiis','default_hospital.png','82863 Candida Street\nEast Arne, LA 96134-5406','Dolores rerum eligendi tempora eaque et. Sint sapiente labore in consequatur at omnis maxime. Vero quidem saepe odio sint asperiores quis delectus.',NULL,'52018','+1-352-378-1497',NULL,0,'General','2024-11-18 03:15:05','2024-11-18 03:15:05',0,1),(26,'Gust Nolan','cupiditate-reiciendis-in-deserunt-nulla-suscipit-soluta-officiis','default_hospital.png','1176 Mante Fall Apt. 037\nTrompfurt, OH 49693-2974','Unde occaecati ut velit itaque quo debitis fuga. Dolorum ut quis molestiae. Nisi odio tenetur consequatur dolores. Qui qui aut ipsam nostrum.',NULL,'35136-3525','+1-717-394-0487',NULL,0,'General','2024-11-18 03:15:05','2024-11-18 03:15:05',0,1),(27,'Krystel Jacobs PhD','quisquam-enim-ipsum-est-voluptatem-voluptas-quia','default_hospital.png','9831 Jaren Way Apt. 132\nNorth Conor, MO 88681-8014','Rerum quam et quibusdam quas dolor consequuntur facilis. Sed eos a qui. Eligendi quibusdam sit voluptatem dolore voluptatibus et. Nesciunt nobis asperiores dolor quia tenetur.',NULL,'71122-2054','1-220-724-7643',NULL,0,'General','2024-11-18 03:15:05','2024-11-18 03:15:05',0,8),(28,'Prof. Birdie Yundt','quos-sunt-expedita-perspiciatis-non','default_hospital.png','200 Elvera Turnpike Apt. 504\nSouth Greg, KY 96416-4828','Ut odio dicta consequatur. Hic adipisci soluta similique dolorem iusto et hic. Animi iste consequatur modi enim ut.',NULL,'51762','(534) 962-3786',NULL,0,'General','2024-11-18 03:15:05','2024-11-18 03:15:05',0,4),(29,'Diana Dietrich','vel-quo-amet-dolores-velit','default_hospital.png','61935 Wyman Glen Apt. 741\nLucienneside, AR 85513','Modi doloribus facere eos excepturi ullam. Aut sunt fuga quod. Quia quia deserunt non aspernatur nulla. Assumenda ipsam sequi dolorum omnis.',NULL,'52341-0354','+1-850-440-6142',NULL,0,'General','2024-11-18 03:15:05','2024-11-18 03:15:05',0,1),(30,'Dr. Brock Halvorson Jr.','dolores-unde-exercitationem-illum-quis-qui','default_hospital.png','4499 Vern Square Apt. 336\nSimonisland, LA 93824-3006','Omnis et non et aut eos aperiam. Officia nihil ipsum nemo sunt possimus illum doloremque. Et non eos cum sed commodi. Eveniet voluptatum harum in ut minima eos quis.',NULL,'43241','+1 (503) 421-3085',NULL,0,'General','2024-11-18 03:15:05','2024-11-18 03:15:05',0,4),(31,'Emmy Schmeler','libero-autem-adipisci-consequuntur-dolores-id-et-quaerat','default_hospital.png','266 Hudson Neck\nNew Kyrahaven, NJ 78684-0923','Ipsa velit sit quidem voluptatem libero consequatur. Ex ut porro voluptatem magnam at.',NULL,'61894','(808) 312-0918',NULL,0,'General','2024-11-18 03:15:05','2024-11-18 03:15:05',0,4),(32,'Jarrell Schimmel','facilis-iure-tempore-consectetur-voluptatem-nobis','default_hospital.png','496 Abdullah Fields Suite 841\nLurlineburgh, NC 76272-3370','Ratione et minima corporis quod deserunt provident. Laboriosam id eligendi quis ipsa dolor ipsam error. Qui blanditiis ab assumenda.',NULL,'45396-8876','+1-808-466-3203',NULL,0,'General','2024-11-18 03:15:05','2024-11-18 03:15:05',0,8),(33,'Carrie Feil III','corrupti-officia-et-unde-ut-delectus-quaerat','default_hospital.png','3869 Cronin Falls\nSouth Bulah, DC 62754-9823','Nam enim quasi sit voluptate architecto. Totam quidem officiis eligendi omnis ea hic quam. Nisi qui eos doloremque quaerat aut perspiciatis ut doloribus.',NULL,'62100-7067','331.600.1204',NULL,0,'General','2024-11-18 03:15:05','2024-11-18 03:15:05',0,12),(34,'Keagan Medhurst','nulla-laudantium-nobis-veniam-ullam-eos-mollitia-sunt','default_hospital.png','2423 Rau Harbors Suite 994\nProsaccobury, WA 04564-1360','Velit sit repudiandae id vero voluptatem voluptatem eveniet. Quis molestiae reprehenderit error ducimus eum.',NULL,'65400-5546','320-456-9472',NULL,0,'General','2024-11-18 03:15:05','2024-11-18 03:15:05',0,1),(35,'Micheal Vandervort','dignissimos-explicabo-quod-incidunt-aliquam','default_hospital.png','582 Ruecker Court Suite 585\nLake Garrybury, KY 78880-8630','Deleniti a suscipit molestias sit. Iusto dolorum provident iusto maxime et. Quis officiis enim minus perspiciatis quae.',NULL,'45981','1-870-861-7775',NULL,0,'General','2024-11-18 03:15:05','2024-11-18 03:15:05',0,12),(36,'Gage Hermiston','recusandae-minus-et-ut-ea-itaque-illum-nulla','default_hospital.png','551 Boehm Corner\nLeonelville, IN 88234','Omnis dolore assumenda ut repellat excepturi nemo facilis quibusdam. Non quia libero eum deserunt. Qui nihil tempore vero veritatis est.',NULL,'97999-9150','1-470-498-5877',NULL,0,'General','2024-11-18 03:15:05','2024-11-18 03:15:05',0,1),(37,'Mina Muller','nisi-eaque-vero-quod-reprehenderit-temporibus-maiores','default_hospital.png','63703 Schmitt Meadow\nCathrynborough, FL 79215','Rem aut consectetur velit quisquam magnam. Dolores consequatur et autem ut et possimus.',NULL,'10723','+15863237888',NULL,0,'General','2024-11-18 03:15:05','2024-11-18 03:15:05',0,1),(38,'Timmothy Waelchi','et-consequatur-eaque-ea-nostrum','default_hospital.png','432 Donnell Ville Apt. 563\nTristianside, ME 98908-2509','A dolor iure adipisci rerum repellat. Dolorum fuga cumque iste sapiente enim repellendus totam. Est dolor itaque tempora et enim labore. Voluptatum aliquid in in consequatur fuga tempore quod.',NULL,'28594','629-288-0749',NULL,0,'General','2024-11-18 03:15:05','2024-11-18 03:15:05',0,7),(39,'Hulda Orn','architecto-modi-quidem-vel-eos-voluptatem-ad','default_hospital.png','9320 Violet Meadows Suite 336\nPort Geovanni, IN 83272-3262','Recusandae blanditiis magni molestiae et. Vel qui possimus est quam.',NULL,'61509-4020','812-553-7346',NULL,0,'General','2024-11-18 03:15:05','2024-11-18 03:15:05',0,12),(40,'Dr. Nathaniel Hand DDS','minima-sed-consequatur-asperiores-sit-animi','default_hospital.png','6742 Legros Forest Apt. 322\nEmeraldton, AK 04345','Impedit aliquam ea laboriosam amet voluptate aut. Ipsa similique et voluptatem. Libero accusantium quis ea veritatis.',NULL,'49769-6389','564-614-9006',NULL,0,'General','2024-11-18 03:15:05','2024-11-18 03:15:05',0,4),(41,'Jeramie Quitzon','saepe-et-vitae-aut-quis-et','default_hospital.png','712 Alana Common\nNeomabury, NC 61311','Voluptates in sint non sequi voluptate velit dolores. Qui temporibus explicabo qui. Vero odio similique distinctio hic excepturi at est. Dicta dolore et voluptatum atque soluta ducimus illo.',NULL,'40949','1-352-773-3089',NULL,0,'General','2024-11-18 03:15:05','2024-11-18 03:15:05',0,2),(42,'Colleen Schinner V','quaerat-aut-ut-sit-deleniti','default_hospital.png','21056 Kenya Haven\nPort Louie, MD 41980','Temporibus aliquam inventore est labore. Et qui non qui impedit commodi consectetur tempora dolore. Porro quo voluptatibus minus quasi. Nulla reprehenderit voluptas hic sequi odit dolor.',NULL,'00616','208-343-3630',NULL,0,'General','2024-11-18 03:15:05','2024-11-18 03:15:05',0,1),(43,'Velma Borer','consequatur-non-sunt-laudantium','default_hospital.png','6399 Dach Viaduct Suite 774\nNew Moses, MS 35093-7876','Minima sed architecto consequuntur fugiat. Architecto occaecati id et saepe cupiditate quia. Et nisi recusandae voluptatum libero mollitia ratione. Aliquid aut ducimus aliquam dolorem doloribus.',NULL,'14355-4842','1-708-219-8088',NULL,0,'General','2024-11-18 03:15:05','2024-11-18 03:15:05',0,1),(44,'Roberto Hoeger V','esse-ducimus-quae-et-sint-voluptatum','default_hospital.png','2615 Marian Coves\nNorth Anika, CT 81618','Assumenda maiores delectus et alias et soluta sed nobis. Aut sunt vitae fuga aliquid optio non. Aliquam libero error soluta repellendus animi nisi beatae. Vel ad architecto doloribus.',NULL,'88692','+12319306130',NULL,0,'General','2024-11-18 03:15:05','2024-11-18 03:15:05',0,6),(45,'Dorian Rolfson','vel-et-inventore-recusandae-repudiandae-fugiat-repellendus-voluptates','default_hospital.png','630 Konopelski Shoal Apt. 184\nEast Americatown, OH 21204','Consequatur rerum qui omnis at nihil debitis. Dicta velit maiores voluptatem maiores. Rerum dolor consequuntur aliquam aut. In pariatur alias dolor provident illum quasi esse.',NULL,'01394','+1 (323) 968-2497',NULL,0,'General','2024-11-18 03:15:05','2024-11-18 03:15:05',0,3),(46,'Camryn Berge','illo-exercitationem-voluptatem-itaque-ducimus-corrupti-non-natus-ab','default_hospital.png','9876 Madilyn Crest Suite 719\nLake Brennachester, NM 37942-1620','Nostrum cupiditate id dolorum velit. Saepe et nisi non eum minus quisquam autem. Fuga atque consequatur culpa a vel.',NULL,'11886','(862) 943-7203',NULL,0,'General','2024-11-18 03:15:05','2024-11-18 03:15:05',0,9),(47,'Isac Hermann','tempore-consequatur-odio-ipsam-asperiores-ut-architecto','default_hospital.png','1874 Ryder Street Suite 685\nEast Maryseport, CA 79028-4291','Doloribus explicabo sunt porro nihil iusto totam magnam. Dicta debitis error veniam tenetur nostrum accusamus veritatis quis. Nihil omnis et ab vitae beatae qui earum.',NULL,'03381-7097','984.308.7423',NULL,0,'General','2024-11-18 03:15:05','2024-11-18 03:15:05',0,3),(48,'Miss Reina Kertzmann','ullam-ea-reprehenderit-dolores-consectetur-eligendi','default_hospital.png','786 Shaniya Crescent Apt. 905\nAnnieland, SD 36360','Quia et fugiat ut impedit. Et consequuntur omnis commodi repellat odio. Ut non debitis sint quia minus praesentium inventore. Natus rerum aut inventore aspernatur.',NULL,'37512-5654','+1-205-568-9916',NULL,0,'General','2024-11-18 03:15:05','2024-11-18 03:15:05',0,1),(49,'Hellen Aufderhar','quae-qui-officia-maiores-nostrum-aut','default_hospital.png','80328 Deborah Stravenue\nLubowitzville, WA 46867','Alias laboriosam commodi corrupti repellat fugit ipsa. Iste quasi id repellat ullam non numquam dolorem qui. Ipsa voluptatem dolor earum eius officia et non.',NULL,'57556','1-650-890-9140',NULL,0,'General','2024-11-18 03:15:05','2024-11-18 03:15:05',0,7),(50,'Dr. Manley Sanford','et-aut-iusto-eos-id','default_hospital.png','2384 Alek Lights\nDeckowland, KY 72737-1998','Tempora voluptas quo hic vel quis est. Recusandae aut suscipit laborum perferendis. Voluptatem necessitatibus a id tenetur et dignissimos eligendi. Expedita minima placeat voluptatibus.',NULL,'63420','+1-364-634-6407',NULL,0,'General','2024-11-18 03:15:05','2024-11-18 03:15:05',0,4),(51,'Marcelo Heaney','sed-porro-impedit-sunt-inventore-modi-laudantium-quae','default_hospital.png','526 Schuster Glens\nHaleychester, MS 54084-0400','Veniam pariatur quam quae. Corporis natus veniam autem soluta necessitatibus. Non minima enim voluptates aperiam et.',NULL,'33240-8457','1-272-521-1189',NULL,0,'General','2024-11-18 03:15:05','2024-11-18 03:15:05',0,3),(52,'Avery Blick','vel-rerum-quisquam-quia-incidunt-vitae-aspernatur','default_hospital.png','6125 Ullrich Extension\nMarquardtton, MA 40021','Dolor ut fuga beatae ut est esse. Enim optio nisi tenetur non atque. At sapiente quaerat sit aut voluptatibus quas modi distinctio.',NULL,'25136','938.492.4246',NULL,0,'General','2024-11-18 03:15:05','2024-11-18 03:15:05',0,3),(53,'Alyson Tromp DDS','sit-molestiae-aliquam-quo-tenetur-et','default_hospital.png','533 Noah Hill\nNettieton, ME 90035-9731','Dolores consequatur et nam suscipit. Quia reiciendis tenetur accusamus recusandae expedita eos consequatur. Id ex culpa earum quod soluta id ex. Sit harum tempora corporis autem.',NULL,'18736-7574','+1-423-794-8367',NULL,0,'General','2024-11-18 03:15:05','2024-11-18 03:15:05',0,9),(54,'Jessyca Orn','officiis-eaque-aliquam-eveniet-et-autem-velit','default_hospital.png','4392 Josh Vista Suite 072\nVestaside, GA 49236-7495','Explicabo totam rerum accusantium aut fugiat sunt aperiam. Consectetur et deserunt asperiores laudantium dolorem iure. Quam dignissimos similique non rem iusto quo.',NULL,'77387-0832','820.640.5198',NULL,0,'General','2024-11-18 03:15:05','2024-11-18 03:15:05',0,9),(55,'Jasen Nikolaus','ullam-vel-nesciunt-itaque-cum-magnam-consequatur-porro','default_hospital.png','66362 Providenci Trafficway Apt. 660\nNew Rozella, KY 50187','Repellendus eius voluptatibus voluptatem eaque qui. Nemo impedit incidunt quo incidunt.',NULL,'37250','+1.206.203.8254',NULL,0,'General','2024-11-18 03:15:05','2024-11-18 03:15:05',0,3),(56,'Hester Kautzer IV','aperiam-nihil-porro-voluptatum-explicabo-et-dignissimos-vel-explicabo','default_hospital.png','902 Marlee Shoal Apt. 891\nLake Moisesville, WY 10830','Quod consectetur rerum velit aliquam. Hic sed rem ut. Aperiam quis iste vel animi et labore esse. Et quod voluptate veritatis qui sit.',NULL,'61160','915.256.2202',NULL,0,'General','2024-11-18 03:15:05','2024-11-18 03:15:05',0,12),(57,'Prof. Hattie Schuppe','officiis-perferendis-qui-aut-voluptatem-incidunt-ut-velit','default_hospital.png','55231 Cormier Shore\nYoshikomouth, ID 74654','Blanditiis dolorem numquam vero quos sit. Aut debitis commodi qui cum voluptate quod. Enim quisquam dolor esse sequi.',NULL,'50457','406-304-9798',NULL,0,'General','2024-11-18 03:15:05','2024-11-18 03:15:05',0,2),(58,'Ardith Herzog I','ducimus-facere-accusamus-quos','default_hospital.png','8890 Trantow Ford Apt. 151\nLake Daisybury, GA 82526-4656','Sed eos natus aliquam sint aspernatur non. Dolorem ducimus dolores saepe sit qui. Rem dolores eaque nobis officiis itaque. Eum ex autem quod ipsa voluptatem.',NULL,'02214-1471','1-270-521-9460',NULL,0,'General','2024-11-18 03:15:05','2024-11-18 03:15:05',0,6),(59,'Prof. Novella Durgan','dolorem-illum-cum-veniam-natus-ut-omnis','default_hospital.png','6572 Lind Centers Suite 061\nVictorville, OK 38507-9166','Eum totam ut fugiat laboriosam in. Ullam qui dolorem reiciendis quisquam. Eligendi corrupti magnam aut est nisi aliquid. Recusandae vel aut et quia.',NULL,'24835','(323) 494-9103',NULL,0,'General','2024-11-18 03:15:05','2024-11-18 03:15:05',0,2),(60,'Ms. Paula Hessel','minima-minima-pariatur-molestias-ratione-nostrum','default_hospital.png','825 Noble Terrace Suite 624\nDanielview, IN 55855','Vel doloribus vel iste autem reprehenderit illo. Est culpa dolores exercitationem sit incidunt eos. Rerum minus placeat expedita quo facere.',NULL,'77332','641.877.3679',NULL,0,'General','2024-11-18 03:15:05','2024-11-18 03:15:05',0,6),(61,'Dr. Domingo Predovic III','id-quo-velit-placeat-et','default_hospital.png','21772 Lebsack Station\nNew Maryammouth, GA 53182','Consequatur quas corporis eius illum sit ullam. Eos repudiandae laudantium dolor aperiam. Vel quia voluptas deleniti.',NULL,'20645-6372','+14584510354',NULL,0,'General','2024-11-18 03:15:05','2024-11-18 03:15:05',0,4),(62,'Laurel Schaefer','soluta-non-excepturi-voluptatum-ipsa-a','default_hospital.png','25195 Sabina Dale\nHaleyfort, MA 77843-3006','Voluptas vero beatae inventore quod veniam molestias reiciendis dolorem. Alias in iure sunt occaecati eos praesentium ea quasi.',NULL,'11617','+1.810.877.7941',NULL,0,'General','2024-11-18 03:15:05','2024-11-18 03:15:05',0,8),(63,'Irving Schimmel II','natus-eum-aliquid-deserunt-aut-enim-dolorem-est','default_hospital.png','86052 Rodrigo Burgs Apt. 614\nSouth Jalenburgh, DC 59862','Aut nobis sit tenetur. Ipsam sit quidem esse culpa esse est dolorem. Nihil aut consequatur velit consequuntur. Quia explicabo omnis quasi et.',NULL,'34083','857.734.7383',NULL,0,'General','2024-11-18 03:15:05','2024-11-18 03:15:05',0,2),(64,'Curt Bayer II','ullam-qui-quis-et-eum-voluptatum','default_hospital.png','9828 Cruickshank Port Apt. 419\nVolkmanberg, NE 17774','Optio voluptatum fugit libero culpa suscipit. Perferendis corporis mollitia consequatur expedita sit dignissimos. Quo modi minima natus vero natus quibusdam autem consequuntur.',NULL,'72429','445-426-7538',NULL,0,'General','2024-11-18 03:15:05','2024-11-18 03:15:05',0,8),(65,'Dr. Zane Wintheiser II','et-consequatur-ipsum-autem-dolorum-consequuntur','default_hospital.png','819 Pfeffer Ridges Apt. 511\nPort Anibal, NY 93503-1335','In ad delectus facere soluta. Error fuga nisi et et. Excepturi iure delectus tenetur voluptas.',NULL,'52991-9521','(724) 390-4603',NULL,0,'General','2024-11-18 03:15:05','2024-11-18 03:15:05',0,11),(66,'Mr. Bill Monahan','ut-explicabo-ab-rerum-ullam-nisi-et-velit','default_hospital.png','1163 Terrance Land Suite 286\nBaumbachton, DE 02833-8343','Aspernatur amet voluptatibus delectus voluptatem nihil voluptatem ut ducimus. Possimus officiis aut ea optio. Quaerat et alias quibusdam quia. Et quod dolorem vel deserunt perspiciatis sapiente.',NULL,'04586','561-291-7569',NULL,0,'General','2024-11-18 03:15:05','2024-11-18 03:15:05',0,4),(67,'Prof. Eriberto Gaylord','dolorem-omnis-rerum-est-doloribus-eius-qui','default_hospital.png','5493 Lakin Isle Suite 854\nLake Bradlyport, TX 16293-3626','Accusantium sint omnis beatae quis odit et vero. Veritatis aliquid laboriosam et. Modi doloribus occaecati maxime nihil voluptas atque quo quis.',NULL,'62668','628-475-5813',NULL,0,'General','2024-11-18 03:15:05','2024-11-18 03:15:05',0,1),(68,'Laurine Corkery Sr.','eos-sunt-sit-et-iste-error-nulla-nostrum','default_hospital.png','82715 Jazmyn Mount Apt. 142\nSouth Eladioshire, AZ 64485-0953','In dolore amet quo qui blanditiis. Tempora est qui eius deserunt qui ipsa. Qui quia et aut iste id nesciunt.',NULL,'12121','+1-740-360-9246',NULL,0,'General','2024-11-18 03:15:05','2024-11-18 03:15:05',0,12),(69,'Prof. Kasey Legros','tempora-illum-incidunt-illo','default_hospital.png','92591 Schmeler Rapid Apt. 422\nEnricoside, MI 73286-1487','Minima odit eveniet repellendus saepe vitae. Aliquam ipsam quia suscipit voluptatem quia. Ab neque delectus illum ratione sit. Qui maxime odio odio voluptatum.',NULL,'31539-7149','410-727-6882',NULL,0,'General','2024-11-18 03:15:05','2024-11-18 03:15:05',0,6),(70,'Mr. Micheal Gerlach','aut-est-delectus-fuga-accusamus-ut-sunt-quos','default_hospital.png','84690 Mayert Prairie\nNorth Shanehaven, MO 02254','Molestiae quod corrupti porro doloremque. Laboriosam commodi et sed iste sunt ipsam. Voluptatum blanditiis commodi eum velit enim rerum. Sunt eum est velit dolorem est consectetur soluta.',NULL,'60934-5527','+12763054626',NULL,0,'General','2024-11-18 03:15:05','2024-11-18 03:15:05',0,5),(71,'Harold Ortiz','est-sunt-doloremque-ut-culpa-aspernatur','default_hospital.png','9455 Adella Hills\nSipesland, DE 48288','Dolorem et maiores minima ea temporibus quo. Error tempora vel consectetur id. Accusamus maxime iusto temporibus voluptas voluptatem. Quo est delectus ut soluta.',NULL,'37562','+1-281-621-4412',NULL,0,'General','2024-11-18 03:15:05','2024-11-18 03:15:05',0,7),(72,'Marge Larson Jr.','incidunt-nobis-similique-mollitia-alias-quia-explicabo','default_hospital.png','294 Waelchi Ridges\nWisokyburgh, WA 13310','Necessitatibus enim numquam porro et ex. A error quidem asperiores sunt. Fugit a explicabo enim dolor ipsa.',NULL,'15562-6403','+1.754.769.4492',NULL,0,'General','2024-11-18 03:15:05','2024-11-18 03:15:05',0,12),(73,'Tracy Kuvalis','consequuntur-nostrum-omnis-velit-facilis-ea-autem-ducimus-quaerat','default_hospital.png','8275 Mann Square Apt. 345\nLeuschkeside, UT 09643-4043','Facilis omnis nisi non magnam in id. At eligendi harum voluptas amet qui. Nostrum placeat omnis tempora fugiat rerum.',NULL,'12384','+1.860.776.0650',NULL,0,'General','2024-11-18 03:15:05','2024-11-18 03:15:05',0,12),(74,'Kenna Greenfelder IV','voluptas-placeat-in-in-sed-voluptate-necessitatibus','default_hospital.png','51973 Nader Valley\nEast Jennyfer, MS 22593','Labore amet amet fuga ut et. Minus explicabo ea sunt quisquam similique repellat. Ea fugit in maiores quia quis veniam et. Aut sapiente aut alias voluptatum quo est quas ab.',NULL,'27616-2300','1-947-857-9683',NULL,0,'General','2024-11-18 03:15:05','2024-11-18 03:15:05',0,1),(75,'Prof. Stone Steuber','veniam-rerum-fugiat-quidem','default_hospital.png','58642 Johnnie Curve Suite 213\nHobartfort, FL 67880-0546','Saepe et sint corporis voluptatem. Fugiat in enim aperiam quam et. Voluptas nam voluptatem enim omnis exercitationem.',NULL,'91987-5190','+1 (626) 791-1547',NULL,0,'General','2024-11-18 03:15:05','2024-11-18 03:15:05',0,11),(76,'Prof. Florian Stamm Jr.','numquam-ea-blanditiis-quas-aliquam','default_hospital.png','641 Dibbert Forge Apt. 558\nOlsonton, LA 11021-2895','Eum voluptatem explicabo dolorem. Omnis voluptatem repellendus ullam qui placeat nulla qui. Harum similique ducimus quas necessitatibus totam quidem incidunt.',NULL,'94328-2394','1-323-721-5684',NULL,0,'General','2024-11-18 03:15:05','2024-11-18 03:15:05',0,7),(77,'Jayson Hagenes','beatae-odio-ipsum-iste-quia','default_hospital.png','51280 Sipes Gardens Apt. 564\nEast Melisaside, NH 22816','Sit omnis dolorem ut. Rerum est culpa excepturi nesciunt quia quos et. Quo id sit aut sunt velit repellat inventore.',NULL,'68463','763-571-2794',NULL,0,'General','2024-11-18 03:15:05','2024-11-18 03:15:05',0,1),(78,'Laurence Crooks II','consequatur-rerum-autem-ratione','default_hospital.png','49364 Funk Drive\nSouth Elvis, NM 65370','Ea et qui voluptas voluptatum. Eos maxime quia vel ex quos iusto in. Earum dicta dolore a ab temporibus. Non dolorem dolores vero earum tempore esse asperiores.',NULL,'73758','+1-434-756-4355',NULL,0,'General','2024-11-18 03:15:05','2024-11-18 03:15:05',0,8),(79,'Gladys Bashirian DDS','blanditiis-consequuntur-ut-explicabo-iste-odio-officia-perspiciatis','default_hospital.png','957 Linda Fort Suite 319\nHellerfort, AL 79503','Ex eos inventore recusandae qui. Est molestiae et amet quo. Et rerum excepturi magnam distinctio. Ex eum omnis dicta et sapiente quo nemo neque.',NULL,'73975','1-740-478-2156',NULL,0,'General','2024-11-18 03:15:05','2024-11-18 03:15:05',0,8),(80,'Isabelle Goodwin I','mollitia-eos-pariatur-non','default_hospital.png','1014 Konopelski Trace\nLake Hankside, VT 22134','Nulla velit possimus illum. Ipsum dolorem eligendi quis nesciunt labore. Ut quibusdam laborum totam ut optio in. Soluta voluptatem quia voluptatem minus sit fuga sed molestias.',NULL,'70046','(850) 669-5711',NULL,0,'General','2024-11-18 03:15:05','2024-11-18 03:15:05',0,7),(81,'Ms. Tatyana Connelly DVM','possimus-vero-suscipit-maxime-ducimus-voluptas-sed','default_hospital.png','3222 Kevin Ports\nLake Keenanland, FL 35860-3319','Omnis necessitatibus dicta perspiciatis in voluptatem. Alias doloremque culpa quas facere suscipit. Voluptatem et doloremque sint rem velit assumenda. Cupiditate cum velit dolorum ex rerum velit.',NULL,'71919-7981','1-281-308-2271',NULL,0,'General','2024-11-18 03:15:05','2024-11-18 03:15:05',0,5),(82,'Golda Schulist','placeat-quia-quasi-magni-repellat-voluptate-officiis','default_hospital.png','366 Cydney Village\nLake Eldashire, WY 01188-0978','Iure sunt sed laudantium qui. Magnam iusto dicta illo voluptatem enim accusantium id sunt.',NULL,'26293-4609','+14345999840',NULL,0,'General','2024-11-18 03:15:05','2024-11-18 03:15:05',0,12),(83,'Mr. Christopher Jenkins','est-doloribus-inventore-modi-cupiditate-laudantium-maiores-sint-aperiam','default_hospital.png','381 Jalen Green Suite 191\nLakinview, CO 95840','Soluta sit et doloribus et quia ut. Atque enim temporibus et reiciendis dolorum eius. Explicabo cupiditate ea quibusdam est voluptas quibusdam.',NULL,'31828-6384','+1-270-308-6788',NULL,0,'General','2024-11-18 03:15:05','2024-11-18 03:15:05',0,10),(84,'Abel Sauer','eaque-iste-officiis-autem-voluptatem','default_hospital.png','2733 Jeramie Place\nNew Raven, GA 46036','Voluptatem eos ex accusantium. Ipsum iste omnis dolores harum accusantium eligendi. Id architecto harum voluptatum eligendi rerum eum totam. Dolorum consequatur iusto ut tempora laborum dolorem.',NULL,'96964-0745','+15742027608',NULL,0,'General','2024-11-18 03:15:05','2024-11-18 03:15:05',0,7),(85,'Prof. Ford Schulist','sunt-libero-est-qui-a-placeat-et','default_hospital.png','1487 Anissa Shoal\nChamplinfurt, ME 45913','Fugiat aliquam quaerat recusandae aliquam. Voluptas quia et odio exercitationem ex. Exercitationem voluptatem quia voluptatem qui reiciendis voluptatem et. Impedit non nihil aliquam.',NULL,'61362-1499','762-727-6345',NULL,0,'General','2024-11-18 03:15:05','2024-11-18 03:15:05',0,9),(86,'Brandyn Rodriguez','eius-consequatur-quia-eos-voluptatem','default_hospital.png','5979 Zane Radial\nDaughertyborough, CA 03983-0398','Culpa commodi quibusdam autem quas rerum. Voluptatem neque laudantium dolorem molestiae similique earum.',NULL,'77767-4557','+19852200769',NULL,0,'General','2024-11-18 03:15:05','2024-11-18 03:15:05',0,12),(87,'Miss Nakia Hammes DVM','tempora-non-quam-nisi-placeat','default_hospital.png','81955 O\'Hara Stravenue\nOlsonview, TX 88266-4969','Et ducimus et repellendus doloribus quasi provident id. Omnis ea nobis corrupti omnis aperiam consequatur. Ratione qui ut id sint expedita quos quia voluptatibus.',NULL,'49003','951-274-9158',NULL,0,'General','2024-11-18 03:15:05','2024-11-18 03:15:05',0,2),(88,'Miss Kara Ernser Jr.','distinctio-adipisci-incidunt-non-temporibus','default_hospital.png','66985 Bosco Tunnel Apt. 776\nSouth Devenberg, OR 60444','Facilis deleniti aut voluptatem accusantium aut alias hic. A libero reprehenderit rem ut quidem. Occaecati doloribus itaque delectus porro et.',NULL,'44470-2127','+1 (551) 821-4777',NULL,0,'General','2024-11-18 03:15:05','2024-11-18 03:15:05',0,1),(89,'Mr. Green Stroman','quis-qui-cumque-eligendi-esse-qui-possimus-delectus','default_hospital.png','9471 Terrill Mews Suite 808\nBayleemouth, UT 85528-5753','Consequatur laboriosam molestiae voluptatibus placeat commodi. Dolorum architecto voluptatum dolor tempora accusamus consequatur natus. Minima unde ipsa eum ab id temporibus necessitatibus.',NULL,'26966-2812','+12603822631',NULL,0,'General','2024-11-18 03:15:05','2024-11-18 03:15:05',0,2),(90,'Miss May Tromp DVM','ab-atque-et-veritatis-aliquam-atque-atque-non-qui','default_hospital.png','34815 Urban Trafficway Apt. 516\nMargeborough, WA 94999','Perferendis qui ipsum vitae quaerat. Et optio quia necessitatibus eaque est itaque. Et in aut voluptas adipisci sequi sit id aut.',NULL,'22906','305.425.0173',NULL,0,'General','2024-11-18 03:15:05','2024-11-18 03:15:05',0,4),(91,'Emma Considine','id-doloremque-qui-a-veritatis-magni','default_hospital.png','94793 Chance Meadows\nGleasonfurt, NH 56503','Iure recusandae quia aut ut. Eligendi vitae omnis provident amet voluptatem veniam est. Perferendis et et est aut hic nihil dolores.',NULL,'62068-7242','(720) 812-8149',NULL,0,'General','2024-11-18 03:15:05','2024-11-18 03:15:05',0,7),(92,'Dr. Eusebio Barton','asperiores-consequatur-eius-accusamus-nesciunt-harum-ut','default_hospital.png','41062 Torphy Heights\nKuhlmanview, AK 29225','Quisquam in inventore incidunt velit ipsa. Molestiae ut aut deserunt et.',NULL,'66050','715-371-3596',NULL,0,'General','2024-11-18 03:15:05','2024-11-18 03:15:05',0,9),(93,'Gillian Beer','aut-voluptas-numquam-labore-sit-ab','default_hospital.png','410 Gennaro Expressway\nShaniyafurt, NE 91889-9499','Corrupti harum iusto est id qui. Repellendus consequuntur accusantium quas praesentium. Aut eligendi sunt et officiis dolorum et libero sed.',NULL,'19338-7309','+14846729888',NULL,0,'General','2024-11-18 03:15:05','2024-11-18 03:15:05',0,3),(94,'Kiley Braun','ipsum-harum-ut-minima-quisquam-ipsam','default_hospital.png','39786 Elbert Squares\nSouth Victoriamouth, WI 63485-1868','Quia sint dignissimos doloribus tempora sint dolorem. Odit enim voluptatem quis omnis aut. Fugit animi voluptatem qui enim qui culpa.',NULL,'25035','+1 (773) 603-0505',NULL,0,'General','2024-11-18 03:15:05','2024-11-18 03:15:05',0,11),(95,'Adonis Bergnaum','rem-autem-sit-voluptas-aut-odit-id-rem','default_hospital.png','132 Hegmann Springs Apt. 903\nSouth Octaviaside, CT 22509-0385','Eius officiis fuga qui nihil. Ab expedita quis optio aperiam natus sed amet. Sunt culpa dignissimos iste est beatae porro.',NULL,'22204','+1 (512) 601-4251',NULL,0,'General','2024-11-18 03:15:05','2024-11-18 03:15:05',0,5),(96,'Prof. Willow Bode','veniam-exercitationem-atque-rem-aut-recusandae-corporis-sit','default_hospital.png','455 Kelton Creek\nHahnside, GA 97598','Qui veniam sed quidem. Rem cum dolorem praesentium ipsum explicabo ad sed. Consequatur fugit quia sit. Numquam inventore et provident praesentium iure eligendi est reprehenderit.',NULL,'20079','815-699-2042',NULL,0,'General','2024-11-18 03:15:05','2024-11-18 03:15:05',0,2),(97,'Ms. Malika Rowe','ut-ut-voluptate-vitae-illo-sapiente-cumque-eveniet','default_hospital.png','890 Hailey Road Apt. 422\nTamarabury, KS 67223-7730','Consequuntur dolorem amet vitae et. Quas explicabo doloribus quis nisi velit vel consequuntur. Occaecati ut recusandae qui sunt ut ipsa porro.',NULL,'02122','352.649.3818',NULL,0,'General','2024-11-18 03:15:05','2024-11-18 03:15:05',0,1),(98,'Mya Lindgren','repellendus-atque-quasi-quisquam-qui-veniam-officiis','default_hospital.png','1115 Emie Freeway Suite 859\nBrowntown, ND 57309-6039','Blanditiis autem sit a doloribus consequatur dolorem sit aut. Saepe doloremque iste quam ea nihil labore. Autem esse ratione vel in. Rerum omnis quasi laudantium adipisci.',NULL,'55477-9270','+1-980-244-8848',NULL,0,'General','2024-11-18 03:15:05','2024-11-18 03:15:05',0,5),(99,'Elouise Ondricka','et-porro-repellendus-modi-temporibus-voluptas-sed-nostrum','default_hospital.png','462 Mayert Circles Suite 455\nLake Bonniemouth, VT 00676-2076','Perferendis nostrum quos magni inventore omnis. Optio pariatur quas et in numquam minima consequatur rerum. A eveniet aut qui veniam et quas dolor et.',NULL,'57217','650-690-3455',NULL,0,'General','2024-11-18 03:15:05','2024-11-18 03:15:05',0,5),(100,'Trisha Bode','natus-ut-laborum-quae-accusantium-temporibus-minima','default_hospital.png','34277 Bode Roads Apt. 250\nPort Tayaberg, KY 79797-2506','Perferendis doloribus dolores facilis recusandae. Beatae nobis eligendi aut sit unde eum. Tempora corrupti rem aut. Quis optio ut nisi dolorum itaque tempore reiciendis.',NULL,'98728-3310','1-603-878-1846',NULL,0,'General','2024-11-18 03:15:05','2024-11-18 03:15:05',0,7);
/*!40000 ALTER TABLE `hospitals` ENABLE KEYS */;
UNLOCK TABLES;
DROP TABLE IF EXISTS `hospitals_labs`;
/*!40101 SET @saved_cs_client     = @@character_set_client */;
/*!50503 SET character_set_client = utf8mb4 */;
CREATE TABLE `hospitals_labs` (
  `id` bigint unsigned NOT NULL AUTO_INCREMENT,
  `lab_id` bigint unsigned NOT NULL,
  `hospital_id` bigint unsigned NOT NULL,
  PRIMARY KEY (`id`),
  KEY `hospitals_labs_lab_id_foreign` (`lab_id`),
  KEY `hospitals_labs_hospital_id_foreign` (`hospital_id`),
  CONSTRAINT `hospitals_labs_hospital_id_foreign` FOREIGN KEY (`hospital_id`) REFERENCES `hospitals` (`id`) ON DELETE CASCADE,
  CONSTRAINT `hospitals_labs_lab_id_foreign` FOREIGN KEY (`lab_id`) REFERENCES `labs` (`id`) ON DELETE CASCADE
) ENGINE=InnoDB DEFAULT CHARSET=utf8mb4 COLLATE=utf8mb4_unicode_ci;
/*!40101 SET character_set_client = @saved_cs_client */;

LOCK TABLES `hospitals_labs` WRITE;
/*!40000 ALTER TABLE `hospitals_labs` DISABLE KEYS */;
/*!40000 ALTER TABLE `hospitals_labs` ENABLE KEYS */;
UNLOCK TABLES;
DROP TABLE IF EXISTS `hospitals_specialities`;
/*!40101 SET @saved_cs_client     = @@character_set_client */;
/*!50503 SET character_set_client = utf8mb4 */;
CREATE TABLE `hospitals_specialities` (
  `id` bigint unsigned NOT NULL AUTO_INCREMENT,
  `speciality_id` bigint unsigned NOT NULL,
  `hospital_id` bigint unsigned NOT NULL,
  PRIMARY KEY (`id`)
) ENGINE=InnoDB DEFAULT CHARSET=utf8mb4 COLLATE=utf8mb4_unicode_ci;
/*!40101 SET character_set_client = @saved_cs_client */;

LOCK TABLES `hospitals_specialities` WRITE;
/*!40000 ALTER TABLE `hospitals_specialities` DISABLE KEYS */;
/*!40000 ALTER TABLE `hospitals_specialities` ENABLE KEYS */;
UNLOCK TABLES;
DROP TABLE IF EXISTS `labs`;
/*!40101 SET @saved_cs_client     = @@character_set_client */;
/*!50503 SET character_set_client = utf8mb4 */;
CREATE TABLE `labs` (
  `id` bigint unsigned NOT NULL AUTO_INCREMENT,
  `name` varchar(255) COLLATE utf8mb4_unicode_ci NOT NULL,
  `description` varchar(255) COLLATE utf8mb4_unicode_ci DEFAULT NULL,
  `image` varchar(255) COLLATE utf8mb4_unicode_ci DEFAULT NULL,
  `created_at` timestamp NULL DEFAULT NULL,
  `updated_at` timestamp NULL DEFAULT NULL,
  PRIMARY KEY (`id`)
) ENGINE=InnoDB AUTO_INCREMENT=51 DEFAULT CHARSET=utf8mb4 COLLATE=utf8mb4_unicode_ci;
/*!40101 SET character_set_client = @saved_cs_client */;

LOCK TABLES `labs` WRITE;
/*!40000 ALTER TABLE `labs` DISABLE KEYS */;
INSERT INTO `labs` VALUES (1,'Clinical Chemistry Lab','Analyzes blood and body fluids to detect chemical components.',NULL,'2024-11-18 03:15:05','2024-11-18 03:15:05'),(2,'Hematology Lab','Studies blood and its disorders, including cell counts and coagulation.',NULL,'2024-11-18 03:15:05','2024-11-18 03:15:05'),(3,'Microbiology Lab','Identifies and analyzes microorganisms, including bacteria and fungi.',NULL,'2024-11-18 03:15:05','2024-11-18 03:15:05'),(4,'Pathology Lab','Examines tissues and cells to diagnose diseases.',NULL,'2024-11-18 03:15:05','2024-11-18 03:15:05'),(5,'Immunology Lab','Focuses on the immune system and its related disorders.',NULL,'2024-11-18 03:15:05','2024-11-18 03:15:05'),(6,'Blood Bank (Transfusion Medicine)','Handles blood products for transfusions and ensures safety.',NULL,'2024-11-18 03:15:05','2024-11-18 03:15:05'),(7,'Toxicology Lab','Tests for toxic substances in biological samples.',NULL,'2024-11-18 03:15:05','2024-11-18 03:15:05'),(8,'Molecular Diagnostics Lab','Utilizes molecular biology techniques for disease diagnosis.',NULL,'2024-11-18 03:15:05','2024-11-18 03:15:05'),(9,'Genetics Lab','Analyzes genetic material to identify inherited disorders.',NULL,'2024-11-18 03:15:05','2024-11-18 03:15:05'),(10,'Serology Lab','Tests blood serum for antibodies and antigens.',NULL,'2024-11-18 03:15:05','2024-11-18 03:15:05'),(11,'Histology Lab','Prepares and examines tissue samples for disease diagnosis.',NULL,'2024-11-18 03:15:05','2024-11-18 03:15:05'),(12,'Cytology Lab','Studies cells from various body fluids to detect abnormalities.',NULL,'2024-11-18 03:15:05','2024-11-18 03:15:05'),(13,'Urinalysis Lab','Analyzes urine samples to diagnose health conditions.',NULL,'2024-11-18 03:15:05','2024-11-18 03:15:05'),(14,'Phlebotomy Lab','Handles blood sample collection and processing.',NULL,'2024-11-18 03:15:05','2024-11-18 03:15:05'),(15,'Radiology Lab','Uses imaging techniques to diagnose and monitor diseases.',NULL,'2024-11-18 03:15:05','2024-11-18 03:15:05'),(16,'Nuclear Medicine Lab','Uses radioactive materials for diagnosis and treatment.',NULL,'2024-11-18 03:15:05','2024-11-18 03:15:05'),(17,'Electrophysiology Lab','Studies electrical activity in the heart and nervous system.',NULL,'2024-11-18 03:15:05','2024-11-18 03:15:05'),(18,'Cardiology Lab (Cardiac Cath Lab)','Performs invasive tests and procedures on the heart.',NULL,'2024-11-18 03:15:05','2024-11-18 03:15:05'),(19,'Endocrinology Lab','Tests hormones and endocrine system functions.',NULL,'2024-11-18 03:15:05','2024-11-18 03:15:05'),(20,'Dermatopathology Lab','Examines skin samples to diagnose skin diseases.',NULL,'2024-11-18 03:15:05','2024-11-18 03:15:05'),(21,'Bacteriology Lab','Specifically focuses on the study of bacteria.',NULL,'2024-11-18 03:15:05','2024-11-18 03:15:05'),(22,'Virology Lab','Identifies and analyzes viruses and viral infections.',NULL,'2024-11-18 03:15:05','2024-11-18 03:15:05'),(23,'Parasitology Lab','Studies parasites and parasitic diseases.',NULL,'2024-11-18 03:15:05','2024-11-18 03:15:05'),(24,'Fungal Culture Lab','Cultivates and identifies fungi from clinical samples.',NULL,'2024-11-18 03:15:05','2024-11-18 03:15:05'),(25,'Clinical Trial Lab','Conducts laboratory tests for clinical research studies.',NULL,'2024-11-18 03:15:05','2024-11-18 03:15:05'),(26,'Point-of-Care Testing Lab','Provides immediate test results at the site of patient care.',NULL,'2024-11-18 03:15:05','2024-11-18 03:15:05'),(27,'Advanced Imaging Lab','Utilizes advanced imaging techniques like MRI and CT scans.',NULL,'2024-11-18 03:15:05','2024-11-18 03:15:05'),(28,'Sleep Study Lab (Polysomnography)','Monitors patients\' sleep patterns for sleep disorders.',NULL,'2024-11-18 03:15:05','2024-11-18 03:15:05'),(29,'Neurophysiology Lab','Studies the nervous system\'s functions through various tests.',NULL,'2024-11-18 03:15:05','2024-11-18 03:15:05'),(30,'Cytogenetics Lab','Analyzes chromosomes for genetic abnormalities.',NULL,'2024-11-18 03:15:05','2024-11-18 03:15:05'),(31,'Reproductive Lab (Andrology and IVF)','Focuses on reproductive health and fertility treatments.',NULL,'2024-11-18 03:15:05','2024-11-18 03:15:05'),(32,'Nutrition Lab (Dietetic Services)','Assesses nutritional needs and dietary planning.',NULL,'2024-11-18 03:15:05','2024-11-18 03:15:05'),(33,'Pediatric Lab','Provides lab services tailored for children\'s health.',NULL,'2024-11-18 03:15:05','2024-11-18 03:15:05'),(34,'Veterinary Lab (for animal studies)','Conducts lab tests and research related to animal health.',NULL,'2024-11-18 03:15:05','2024-11-18 03:15:05'),(35,'Orthopedic Lab (for joint studies)','Studies musculoskeletal disorders and injuries.',NULL,'2024-11-18 03:15:05','2024-11-18 03:15:05'),(36,'Oncology Lab (for cancer diagnostics)','Focuses on diagnosing and monitoring cancer.',NULL,'2024-11-18 03:15:05','2024-11-18 03:15:05'),(37,'Gastroenterology Lab','Analyzes digestive system issues and disorders.',NULL,'2024-11-18 03:15:05','2024-11-18 03:15:05'),(38,'Pulmonary Function Lab','Tests lung function and respiratory health.',NULL,'2024-11-18 03:15:05','2024-11-18 03:15:05'),(39,'Audiology Lab','Conducts hearing tests and assessments.',NULL,'2024-11-18 03:15:05','2024-11-18 03:15:05'),(40,'Physical Therapy Lab','Provides therapy and rehabilitation for physical injuries.',NULL,'2024-11-18 03:15:05','2024-11-18 03:15:05'),(41,'Radiation Oncology Lab','Delivers radiation treatment for cancer patients.',NULL,'2024-11-18 03:15:05','2024-11-18 03:15:05'),(42,'Infectious Disease Lab','Focuses on diagnosing and managing infectious diseases.',NULL,'2024-11-18 03:15:05','2024-11-18 03:15:05'),(43,'Chronic Disease Management Lab','Monitors and manages chronic health conditions.',NULL,'2024-11-18 03:15:05','2024-11-18 03:15:05'),(44,'Emergency Lab','Provides rapid testing and results for emergency cases.',NULL,'2024-11-18 03:15:05','2024-11-18 03:15:05'),(45,'Quality Control Lab','Ensures lab tests meet quality standards and regulations.',NULL,'2024-11-18 03:15:05','2024-11-18 03:15:05'),(46,'Research Lab (for clinical research)','Conducts experiments and studies for medical advancements.',NULL,'2024-11-18 03:15:05','2024-11-18 03:15:05'),(47,'Pharmacogenomics Lab','Studies how genes affect individual responses to drugs.',NULL,'2024-11-18 03:15:05','2024-11-18 03:15:05'),(48,'Bioinformatics Lab','Utilizes software and tools to analyze biological data.',NULL,'2024-11-18 03:15:05','2024-11-18 03:15:05'),(49,'Health Informatics Lab','Focuses on the management of health information systems.',NULL,'2024-11-18 03:15:05','2024-11-18 03:15:05'),(50,'Laboratory Information System (LIS) Lab','Manages data and processes within the laboratory.',NULL,'2024-11-18 03:15:05','2024-11-18 03:15:05');
/*!40000 ALTER TABLE `labs` ENABLE KEYS */;
UNLOCK TABLES;
DROP TABLE IF EXISTS `languages`;
/*!40101 SET @saved_cs_client     = @@character_set_client */;
/*!50503 SET character_set_client = utf8mb4 */;
CREATE TABLE `languages` (
  `id` bigint unsigned NOT NULL AUTO_INCREMENT,
  `name` varchar(255) COLLATE utf8mb4_unicode_ci NOT NULL,
  `code` varchar(255) COLLATE utf8mb4_unicode_ci DEFAULT NULL,
  `created_at` timestamp NULL DEFAULT NULL,
  `updated_at` timestamp NULL DEFAULT NULL,
  PRIMARY KEY (`id`)
) ENGINE=InnoDB AUTO_INCREMENT=7 DEFAULT CHARSET=utf8mb4 COLLATE=utf8mb4_unicode_ci;
/*!40101 SET character_set_client = @saved_cs_client */;

LOCK TABLES `languages` WRITE;
/*!40000 ALTER TABLE `languages` DISABLE KEYS */;
INSERT INTO `languages` VALUES (1,'Bangla',NULL,'2024-11-18 03:15:05','2024-11-18 03:15:05'),(2,'English',NULL,'2024-11-18 03:15:05','2024-11-18 03:15:05'),(3,'Hindi',NULL,'2024-11-18 03:15:05','2024-11-18 03:15:05'),(4,'Tamil',NULL,'2024-11-18 03:15:05','2024-11-18 03:15:05'),(5,'Thai',NULL,'2024-11-18 03:15:05','2024-11-18 03:15:05'),(6,'Malay',NULL,'2024-11-18 03:15:05','2024-11-18 03:15:05');
/*!40000 ALTER TABLE `languages` ENABLE KEYS */;
UNLOCK TABLES;
DROP TABLE IF EXISTS `main_sliders`;
/*!40101 SET @saved_cs_client     = @@character_set_client */;
/*!50503 SET character_set_client = utf8mb4 */;
CREATE TABLE `main_sliders` (
  `id` bigint unsigned NOT NULL AUTO_INCREMENT,
  `image` varchar(255) COLLATE utf8mb4_unicode_ci NOT NULL,
  `link` text COLLATE utf8mb4_unicode_ci NOT NULL,
  `title` varchar(255) COLLATE utf8mb4_unicode_ci DEFAULT NULL,
  `created_at` timestamp NULL DEFAULT NULL,
  `updated_at` timestamp NULL DEFAULT NULL,
  PRIMARY KEY (`id`)
) ENGINE=InnoDB DEFAULT CHARSET=utf8mb4 COLLATE=utf8mb4_unicode_ci;
/*!40101 SET character_set_client = @saved_cs_client */;

LOCK TABLES `main_sliders` WRITE;
/*!40000 ALTER TABLE `main_sliders` DISABLE KEYS */;
/*!40000 ALTER TABLE `main_sliders` ENABLE KEYS */;
UNLOCK TABLES;
DROP TABLE IF EXISTS `migrations`;
/*!40101 SET @saved_cs_client     = @@character_set_client */;
/*!50503 SET character_set_client = utf8mb4 */;
CREATE TABLE `migrations` (
  `id` int unsigned NOT NULL AUTO_INCREMENT,
  `migration` varchar(255) COLLATE utf8mb4_unicode_ci NOT NULL,
  `batch` int NOT NULL,
  PRIMARY KEY (`id`)
) ENGINE=InnoDB AUTO_INCREMENT=21 DEFAULT CHARSET=utf8mb4 COLLATE=utf8mb4_unicode_ci;
/*!40101 SET character_set_client = @saved_cs_client */;

LOCK TABLES `migrations` WRITE;
/*!40000 ALTER TABLE `migrations` DISABLE KEYS */;
INSERT INTO `migrations` VALUES (1,'2014_10_12_000000_create_users_table',1),(2,'2014_10_12_100000_create_password_reset_tokens_table',1),(3,'2019_08_19_000000_create_failed_jobs_table',1),(4,'2019_12_14_000001_create_personal_access_tokens_table',1),(5,'2023_01_14_131713_create_tags_table',1),(6,'2024_01_04_120346_create_departments_table',1),(7,'2024_08_27_025427_create_countries_table',1),(8,'2024_09_01_113803_create_specialties_table',1),(9,'2024_09_21_123653_create_doctors_table',1),(10,'2024_09_21_123705_create_cities_table',1),(11,'2024_09_21_125637_create_appointments_table',1),(12,'2024_09_24_202513_create_settings_table',1),(13,'2024_09_28_183803_create_doctors_specialties_table',1),(14,'2024_09_29_231021_create_languages_table',1),(15,'2024_10_01_001859_create_labs_table',1),(16,'2024_10_14_131714_create_blogs_table',1),(17,'2024_11_18_090235_create_services_table',1),(18,'2024_12_21_193630_create_hospitals_table',1),(19,'2024_12_21_195647_doctor_hospital_migration',1),(20,'2024_12_09_113913_create_main_sliders_table',2);
/*!40000 ALTER TABLE `migrations` ENABLE KEYS */;
UNLOCK TABLES;
DROP TABLE IF EXISTS `password_reset_tokens`;
/*!40101 SET @saved_cs_client     = @@character_set_client */;
/*!50503 SET character_set_client = utf8mb4 */;
CREATE TABLE `password_reset_tokens` (
  `email` varchar(255) COLLATE utf8mb4_unicode_ci NOT NULL,
  `token` varchar(255) COLLATE utf8mb4_unicode_ci NOT NULL,
  `created_at` timestamp NULL DEFAULT NULL,
  PRIMARY KEY (`email`)
) ENGINE=InnoDB DEFAULT CHARSET=utf8mb4 COLLATE=utf8mb4_unicode_ci;
/*!40101 SET character_set_client = @saved_cs_client */;

LOCK TABLES `password_reset_tokens` WRITE;
/*!40000 ALTER TABLE `password_reset_tokens` DISABLE KEYS */;
/*!40000 ALTER TABLE `password_reset_tokens` ENABLE KEYS */;
UNLOCK TABLES;
DROP TABLE IF EXISTS `personal_access_tokens`;
/*!40101 SET @saved_cs_client     = @@character_set_client */;
/*!50503 SET character_set_client = utf8mb4 */;
CREATE TABLE `personal_access_tokens` (
  `id` bigint unsigned NOT NULL AUTO_INCREMENT,
  `tokenable_type` varchar(255) COLLATE utf8mb4_unicode_ci NOT NULL,
  `tokenable_id` bigint unsigned NOT NULL,
  `name` varchar(255) COLLATE utf8mb4_unicode_ci NOT NULL,
  `token` varchar(64) COLLATE utf8mb4_unicode_ci NOT NULL,
  `abilities` text COLLATE utf8mb4_unicode_ci,
  `last_used_at` timestamp NULL DEFAULT NULL,
  `expires_at` timestamp NULL DEFAULT NULL,
  `created_at` timestamp NULL DEFAULT NULL,
  `updated_at` timestamp NULL DEFAULT NULL,
  PRIMARY KEY (`id`),
  UNIQUE KEY `personal_access_tokens_token_unique` (`token`),
  KEY `personal_access_tokens_tokenable_type_tokenable_id_index` (`tokenable_type`,`tokenable_id`)
) ENGINE=InnoDB DEFAULT CHARSET=utf8mb4 COLLATE=utf8mb4_unicode_ci;
/*!40101 SET character_set_client = @saved_cs_client */;

LOCK TABLES `personal_access_tokens` WRITE;
/*!40000 ALTER TABLE `personal_access_tokens` DISABLE KEYS */;
/*!40000 ALTER TABLE `personal_access_tokens` ENABLE KEYS */;
UNLOCK TABLES;
DROP TABLE IF EXISTS `services`;
/*!40101 SET @saved_cs_client     = @@character_set_client */;
/*!50503 SET character_set_client = utf8mb4 */;
CREATE TABLE `services` (
  `id` bigint unsigned NOT NULL AUTO_INCREMENT,
  `name` varchar(255) COLLATE utf8mb4_unicode_ci NOT NULL,
  `image` varchar(255) COLLATE utf8mb4_unicode_ci NOT NULL DEFAULT 'default_service_avatar.png',
  `blog_id` bigint unsigned NOT NULL,
  `created_at` timestamp NULL DEFAULT NULL,
  `updated_at` timestamp NULL DEFAULT NULL,
  PRIMARY KEY (`id`),
  KEY `services_blog_id_foreign` (`blog_id`),
  CONSTRAINT `services_blog_id_foreign` FOREIGN KEY (`blog_id`) REFERENCES `blogs` (`id`) ON DELETE CASCADE
) ENGINE=InnoDB AUTO_INCREMENT=6 DEFAULT CHARSET=utf8mb4 COLLATE=utf8mb4_unicode_ci;
/*!40101 SET character_set_client = @saved_cs_client */;

LOCK TABLES `services` WRITE;
/*!40000 ALTER TABLE `services` DISABLE KEYS */;
INSERT INTO `services` VALUES (4,'Yael Maldonado','default_service_avatar.png',1,'2024-12-10 09:08:57','2024-12-10 09:08:57'),(5,'Prescott King','1733843343-service.jpg',1,'2024-12-10 09:09:03','2024-12-10 09:09:03');
/*!40000 ALTER TABLE `services` ENABLE KEYS */;
UNLOCK TABLES;
DROP TABLE IF EXISTS `settings`;
/*!40101 SET @saved_cs_client     = @@character_set_client */;
/*!50503 SET character_set_client = utf8mb4 */;
CREATE TABLE `settings` (
  `id` bigint unsigned NOT NULL AUTO_INCREMENT,
  `key` varchar(255) COLLATE utf8mb4_unicode_ci NOT NULL,
  `value` longtext COLLATE utf8mb4_unicode_ci,
  `created_at` timestamp NULL DEFAULT NULL,
  `updated_at` timestamp NULL DEFAULT NULL,
  PRIMARY KEY (`id`),
  UNIQUE KEY `settings_key_unique` (`key`)
) ENGINE=InnoDB AUTO_INCREMENT=15 DEFAULT CHARSET=utf8mb4 COLLATE=utf8mb4_unicode_ci;
/*!40101 SET character_set_client = @saved_cs_client */;

LOCK TABLES `settings` WRITE;
/*!40000 ALTER TABLE `settings` DISABLE KEYS */;
INSERT INTO `settings` VALUES (1,'site_name','Top Hospital Support ',NULL,NULL),(2,'site_url','http://www.tophospitalsupportbd.com',NULL,NULL),(3,'site_phone_number','+880123456789',NULL,NULL),(4,'site_phone_number_2','+880173456789',NULL,NULL),(5,'site_email','admin@admin.com',NULL,NULL),(6,'site_email_2','moderator@admin.com',NULL,NULL),(7,'site_address','503 Old Buffalo Street Northwest #205, New York-3087',NULL,NULL),(8,'site_logo_url','1731924232-site-logo.jpg',NULL,'2024-11-18 04:03:52'),(9,'homepage_search_field_label','Find The Best Doctor',NULL,NULL),(10,'homepage_banner_image','1731924265-site-banner.jpg',NULL,'2024-11-18 04:04:25'),(11,'aboutus_page_content','<strong>Apple</strong>',NULL,NULL),(12,'homepage_top_hospital_slider_title_text','dg hsdg hsdfg sdfgsdfg sdfg sdfgd sfg',NULL,NULL),(13,'homepage_top_doctor_slider_title_text','dg hsdg hsdfg sdfgsdfg sdfg sdfgd sfg',NULL,NULL),(14,'homepage_show_slide','1',NULL,NULL);
/*!40000 ALTER TABLE `settings` ENABLE KEYS */;
UNLOCK TABLES;
DROP TABLE IF EXISTS `specialties`;
/*!40101 SET @saved_cs_client     = @@character_set_client */;
/*!50503 SET character_set_client = utf8mb4 */;
CREATE TABLE `specialties` (
  `id` bigint unsigned NOT NULL AUTO_INCREMENT,
  `name` varchar(255) COLLATE utf8mb4_unicode_ci NOT NULL,
  `image` varchar(255) COLLATE utf8mb4_unicode_ci NOT NULL DEFAULT 'default_speciality.png',
  `slug` varchar(255) COLLATE utf8mb4_unicode_ci DEFAULT NULL,
  `details` varchar(255) COLLATE utf8mb4_unicode_ci DEFAULT NULL,
  `status` enum('active','inactive') COLLATE utf8mb4_unicode_ci NOT NULL DEFAULT 'active',
  `created_at` timestamp NULL DEFAULT NULL,
  `updated_at` timestamp NULL DEFAULT NULL,
  PRIMARY KEY (`id`),
  UNIQUE KEY `specialties_name_unique` (`name`),
  UNIQUE KEY `specialties_slug_unique` (`slug`)
) ENGINE=InnoDB AUTO_INCREMENT=35 DEFAULT CHARSET=utf8mb4 COLLATE=utf8mb4_unicode_ci;
/*!40101 SET character_set_client = @saved_cs_client */;

LOCK TABLES `specialties` WRITE;
/*!40000 ALTER TABLE `specialties` DISABLE KEYS */;
INSERT INTO `specialties` VALUES (1,'Cardiology','default_speciality.png',NULL,NULL,'active','2024-11-18 03:15:04','2024-11-18 03:15:04'),(2,'Cardio thoracic','default_speciality.png',NULL,NULL,'active','2024-11-18 03:15:04','2024-11-18 03:15:04'),(3,'Orthopedics','default_speciality.png',NULL,NULL,'active','2024-11-18 03:15:04','2024-11-18 03:15:04'),(4,'Gastroenterology','default_speciality.png',NULL,NULL,'active','2024-11-18 03:15:04','2024-11-18 03:15:04'),(5,'General Surgery','default_speciality.png',NULL,NULL,'active','2024-11-18 03:15:04','2024-11-18 03:15:04'),(6,'Oncology','default_speciality.png',NULL,NULL,'active','2024-11-18 03:15:04','2024-11-18 03:15:04'),(7,'Gynecology','default_speciality.png',NULL,NULL,'active','2024-11-18 03:15:04','2024-11-18 03:15:04'),(8,'Pediatrics','default_speciality.png',NULL,NULL,'active','2024-11-18 03:15:04','2024-11-18 03:15:04'),(9,'Neonatology','default_speciality.png',NULL,NULL,'active','2024-11-18 03:15:04','2024-11-18 03:15:04'),(10,'Kidney Transplantation','default_speciality.png',NULL,NULL,'active','2024-11-18 03:15:04','2024-11-18 03:15:04'),(11,'Liver Transplantation','default_speciality.png',NULL,NULL,'active','2024-11-18 03:15:04','2024-11-18 03:15:04'),(12,'Pancreas Transplant','default_speciality.png',NULL,NULL,'active','2024-11-18 03:15:04','2024-11-18 03:15:04'),(13,'Internal Medicine','default_speciality.png',NULL,NULL,'active','2024-11-18 03:15:04','2024-11-18 03:15:04'),(14,'Plastic Surgery','default_speciality.png',NULL,NULL,'active','2024-11-18 03:15:04','2024-11-18 03:15:04'),(15,'Urology','default_speciality.png',NULL,NULL,'active','2024-11-18 03:15:04','2024-11-18 03:15:04'),(16,'Physiotherapy','default_speciality.png',NULL,NULL,'active','2024-11-18 03:15:04','2024-11-18 03:15:04'),(17,'Psychiatry','default_speciality.png',NULL,NULL,'active','2024-11-18 03:15:04','2024-11-18 03:15:04'),(18,'Pulmonology','default_speciality.png',NULL,NULL,'active','2024-11-18 03:15:04','2024-11-18 03:15:04'),(19,'Dental','default_speciality.png',NULL,NULL,'active','2024-11-18 03:15:04','2024-11-18 03:15:04'),(20,'ENT','default_speciality.png',NULL,NULL,'active','2024-11-18 03:15:04','2024-11-18 03:15:04'),(21,'Emergency Medicine','default_speciality.png',NULL,NULL,'active','2024-11-18 03:15:04','2024-11-18 03:15:04'),(22,'Rheumatology','default_speciality.png',NULL,NULL,'active','2024-11-18 03:15:04','2024-11-18 03:15:04'),(23,'Vascular Surgery','default_speciality.png',NULL,NULL,'active','2024-11-18 03:15:04','2024-11-18 03:15:04'),(24,'Neurology','default_speciality.png',NULL,NULL,'active','2024-11-18 03:15:04','2024-11-18 03:15:04'),(25,'Ophthalmology','default_speciality.png',NULL,NULL,'active','2024-11-18 03:15:04','2024-11-18 03:15:04'),(26,'Dermatology','default_speciality.png',NULL,NULL,'active','2024-11-18 03:15:04','2024-11-18 03:15:04'),(27,'Endocrinology','default_speciality.png',NULL,NULL,'active','2024-11-18 03:15:04','2024-11-18 03:15:04'),(28,'Anesthesiology','default_speciality.png',NULL,NULL,'active','2024-11-18 03:15:04','2024-11-18 03:15:04'),(29,'Interventional Radiology','default_speciality.png',NULL,NULL,'active','2024-11-18 03:15:04','2024-11-18 03:15:04'),(30,'Nephrology','default_speciality.png',NULL,NULL,'active','2024-11-18 03:15:04','2024-11-18 03:15:04'),(31,'Critical Care','default_speciality.png',NULL,NULL,'active','2024-11-18 03:15:04','2024-11-18 03:15:04'),(32,'Neurosurgery','default_speciality.png',NULL,NULL,'active','2024-11-18 03:15:04','2024-11-18 03:15:04'),(33,'Organ Transplantation','default_speciality.png',NULL,NULL,'active','2024-11-18 03:15:04','2024-11-18 03:15:04'),(34,'Robotic Surgery','default_speciality.png',NULL,NULL,'active','2024-11-18 03:15:04','2024-11-18 03:15:04');
/*!40000 ALTER TABLE `specialties` ENABLE KEYS */;
UNLOCK TABLES;
DROP TABLE IF EXISTS `tags`;
/*!40101 SET @saved_cs_client     = @@character_set_client */;
/*!50503 SET character_set_client = utf8mb4 */;
CREATE TABLE `tags` (
  `id` bigint unsigned NOT NULL AUTO_INCREMENT,
  `name` varchar(255) COLLATE utf8mb4_unicode_ci NOT NULL,
  `status` enum('active','inactive') COLLATE utf8mb4_unicode_ci NOT NULL DEFAULT 'active',
  `created_at` timestamp NULL DEFAULT NULL,
  `updated_at` timestamp NULL DEFAULT NULL,
  PRIMARY KEY (`id`)
) ENGINE=InnoDB AUTO_INCREMENT=101 DEFAULT CHARSET=utf8mb4 COLLATE=utf8mb4_unicode_ci;
/*!40101 SET character_set_client = @saved_cs_client */;

LOCK TABLES `tags` WRITE;
/*!40000 ALTER TABLE `tags` DISABLE KEYS */;
INSERT INTO `tags` VALUES (1,'Marilou Steuber','active','2024-11-18 03:15:05','2024-11-18 03:15:05'),(2,'Prof. Augusta Osinski MD','active','2024-11-18 03:15:05','2024-11-18 03:15:05'),(3,'Cydney Kunde','active','2024-11-18 03:15:05','2024-11-18 03:15:05'),(4,'Anita White','active','2024-11-18 03:15:05','2024-11-18 03:15:05'),(5,'Rosalee Jacobson','active','2024-11-18 03:15:05','2024-11-18 03:15:05'),(6,'Prof. Annalise Strosin','active','2024-11-18 03:15:05','2024-11-18 03:15:05'),(7,'Glenda Lang','active','2024-11-18 03:15:05','2024-11-18 03:15:05'),(8,'Magdalena Labadie','active','2024-11-18 03:15:05','2024-11-18 03:15:05'),(9,'Teagan Crona PhD','active','2024-11-18 03:15:05','2024-11-18 03:15:05'),(10,'Otis Koepp','active','2024-11-18 03:15:05','2024-11-18 03:15:05'),(11,'Eryn Robel','active','2024-11-18 03:15:05','2024-11-18 03:15:05'),(12,'Marta Brakus III','active','2024-11-18 03:15:05','2024-11-18 03:15:05'),(13,'Autumn Leannon','active','2024-11-18 03:15:05','2024-11-18 03:15:05'),(14,'Brandy Towne I','active','2024-11-18 03:15:05','2024-11-18 03:15:05'),(15,'Eloise Runte','active','2024-11-18 03:15:05','2024-11-18 03:15:05'),(16,'Dawson Fahey','active','2024-11-18 03:15:05','2024-11-18 03:15:05'),(17,'Prof. Cole Powlowski','active','2024-11-18 03:15:05','2024-11-18 03:15:05'),(18,'Dr. Genesis Considine','active','2024-11-18 03:15:05','2024-11-18 03:15:05'),(19,'Rahsaan Orn','active','2024-11-18 03:15:05','2024-11-18 03:15:05'),(20,'Linwood Rogahn','active','2024-11-18 03:15:05','2024-11-18 03:15:05'),(21,'Dr. Vena Greenholt','active','2024-11-18 03:15:05','2024-11-18 03:15:05'),(22,'Milan Jast','active','2024-11-18 03:15:05','2024-11-18 03:15:05'),(23,'Israel Kerluke','active','2024-11-18 03:15:05','2024-11-18 03:15:05'),(24,'Fermin Crist','active','2024-11-18 03:15:05','2024-11-18 03:15:05'),(25,'Norberto Kassulke DVM','active','2024-11-18 03:15:05','2024-11-18 03:15:05'),(26,'Conor Volkman','active','2024-11-18 03:15:05','2024-11-18 03:15:05'),(27,'Mr. Madison Nitzsche','active','2024-11-18 03:15:05','2024-11-18 03:15:05'),(28,'Dr. Terrence Veum','active','2024-11-18 03:15:05','2024-11-18 03:15:05'),(29,'Dr. Suzanne Rodriguez','active','2024-11-18 03:15:05','2024-11-18 03:15:05'),(30,'Aubree Hoeger','active','2024-11-18 03:15:05','2024-11-18 03:15:05'),(31,'Russ Kub','active','2024-11-18 03:15:05','2024-11-18 03:15:05'),(32,'Lewis Kohler','active','2024-11-18 03:15:05','2024-11-18 03:15:05'),(33,'Lessie Balistreri','active','2024-11-18 03:15:05','2024-11-18 03:15:05'),(34,'Maeve Oberbrunner','active','2024-11-18 03:15:05','2024-11-18 03:15:05'),(35,'Dr. Lennie Altenwerth V','active','2024-11-18 03:15:05','2024-11-18 03:15:05'),(36,'Ms. Roxane Maggio','active','2024-11-18 03:15:05','2024-11-18 03:15:05'),(37,'Mr. Heber Leannon DVM','active','2024-11-18 03:15:05','2024-11-18 03:15:05'),(38,'Camila Casper','active','2024-11-18 03:15:05','2024-11-18 03:15:05'),(39,'Edward Morar','active','2024-11-18 03:15:05','2024-11-18 03:15:05'),(40,'Mr. Arnaldo Ernser PhD','active','2024-11-18 03:15:05','2024-11-18 03:15:05'),(41,'Mrs. Ophelia Muller MD','active','2024-11-18 03:15:05','2024-11-18 03:15:05'),(42,'Dr. Mariano Rolfson I','active','2024-11-18 03:15:05','2024-11-18 03:15:05'),(43,'Torrey Simonis','active','2024-11-18 03:15:05','2024-11-18 03:15:05'),(44,'Alexie Casper IV','active','2024-11-18 03:15:05','2024-11-18 03:15:05'),(45,'Ms. Frida Nitzsche','active','2024-11-18 03:15:05','2024-11-18 03:15:05'),(46,'Miss Trinity Zemlak','active','2024-11-18 03:15:05','2024-11-18 03:15:05'),(47,'Amiya Ondricka','active','2024-11-18 03:15:05','2024-11-18 03:15:05'),(48,'Wyatt Bernhard','active','2024-11-18 03:15:05','2024-11-18 03:15:05'),(49,'Oceane Wiza','active','2024-11-18 03:15:05','2024-11-18 03:15:05'),(50,'Imani Renner','active','2024-11-18 03:15:05','2024-11-18 03:15:05'),(51,'Mrs. Delores Lubowitz','active','2024-11-18 03:15:05','2024-11-18 03:15:05'),(52,'Dr. Shakira Rogahn DDS','active','2024-11-18 03:15:05','2024-11-18 03:15:05'),(53,'Dr. Brannon Stracke III','active','2024-11-18 03:15:05','2024-11-18 03:15:05'),(54,'Davin Rogahn II','active','2024-11-18 03:15:05','2024-11-18 03:15:05'),(55,'Ms. Clotilde Barrows DVM','active','2024-11-18 03:15:05','2024-11-18 03:15:05'),(56,'Raegan Padberg','active','2024-11-18 03:15:05','2024-11-18 03:15:05'),(57,'Letha O\'Hara','active','2024-11-18 03:15:05','2024-11-18 03:15:05'),(58,'Miss Aiyana Friesen','active','2024-11-18 03:15:05','2024-11-18 03:15:05'),(59,'Alysson Tromp DDS','active','2024-11-18 03:15:05','2024-11-18 03:15:05'),(60,'Roselyn Dooley','active','2024-11-18 03:15:05','2024-11-18 03:15:05'),(61,'Eleanora Emard','active','2024-11-18 03:15:05','2024-11-18 03:15:05'),(62,'Baron Johns DDS','active','2024-11-18 03:15:05','2024-11-18 03:15:05'),(63,'Andre DuBuque','active','2024-11-18 03:15:05','2024-11-18 03:15:05'),(64,'Miss Lizeth Prohaska Sr.','active','2024-11-18 03:15:05','2024-11-18 03:15:05'),(65,'Ansley Mosciski','active','2024-11-18 03:15:05','2024-11-18 03:15:05'),(66,'Prof. Mathilde Cruickshank PhD','active','2024-11-18 03:15:05','2024-11-18 03:15:05'),(67,'Tia Marvin','active','2024-11-18 03:15:05','2024-11-18 03:15:05'),(68,'Arden Glover MD','active','2024-11-18 03:15:05','2024-11-18 03:15:05'),(69,'Katarina Farrell','active','2024-11-18 03:15:05','2024-11-18 03:15:05'),(70,'Prof. Ismael Franecki DDS','active','2024-11-18 03:15:05','2024-11-18 03:15:05'),(71,'Lester Hirthe III','active','2024-11-18 03:15:05','2024-11-18 03:15:05'),(72,'Mackenzie Tillman','active','2024-11-18 03:15:05','2024-11-18 03:15:05'),(73,'Ms. Ashly Murray MD','active','2024-11-18 03:15:05','2024-11-18 03:15:05'),(74,'Mose Torp','active','2024-11-18 03:15:05','2024-11-18 03:15:05'),(75,'Shaylee Rohan','active','2024-11-18 03:15:05','2024-11-18 03:15:05'),(76,'Carrie Haley','active','2024-11-18 03:15:05','2024-11-18 03:15:05'),(77,'Napoleon Schoen I','active','2024-11-18 03:15:05','2024-11-18 03:15:05'),(78,'Earlene Cassin','active','2024-11-18 03:15:05','2024-11-18 03:15:05'),(79,'Neva Bode','active','2024-11-18 03:15:05','2024-11-18 03:15:05'),(80,'Prof. Terry Hessel','active','2024-11-18 03:15:05','2024-11-18 03:15:05'),(81,'Prof. Stanley Koss','active','2024-11-18 03:15:05','2024-11-18 03:15:05'),(82,'Benedict Padberg','active','2024-11-18 03:15:05','2024-11-18 03:15:05'),(83,'Mr. Stanley Ratke II','active','2024-11-18 03:15:05','2024-11-18 03:15:05'),(84,'Mr. Javier West PhD','active','2024-11-18 03:15:05','2024-11-18 03:15:05'),(85,'Addison Roberts','active','2024-11-18 03:15:05','2024-11-18 03:15:05'),(86,'Mrs. Kaya Schinner','active','2024-11-18 03:15:05','2024-11-18 03:15:05'),(87,'Connie Koss','active','2024-11-18 03:15:05','2024-11-18 03:15:05'),(88,'Vinnie Goodwin','active','2024-11-18 03:15:05','2024-11-18 03:15:05'),(89,'Bernice Kuhn MD','active','2024-11-18 03:15:05','2024-11-18 03:15:05'),(90,'Garett Kutch','active','2024-11-18 03:15:05','2024-11-18 03:15:05'),(91,'Marcelo Johnson','active','2024-11-18 03:15:05','2024-11-18 03:15:05'),(92,'Katlynn Welch Sr.','active','2024-11-18 03:15:05','2024-11-18 03:15:05'),(93,'Maxie Rath','active','2024-11-18 03:15:05','2024-11-18 03:15:05'),(94,'Sam Zulauf Sr.','active','2024-11-18 03:15:05','2024-11-18 03:15:05'),(95,'Mertie Zieme Sr.','active','2024-11-18 03:15:05','2024-11-18 03:15:05'),(96,'Ms. Camila Schaefer IV','active','2024-11-18 03:15:05','2024-11-18 03:15:05'),(97,'Dr. Aurore Herman','active','2024-11-18 03:15:05','2024-11-18 03:15:05'),(98,'Desiree Harber','active','2024-11-18 03:15:05','2024-11-18 03:15:05'),(99,'Harrison Kovacek','active','2024-11-18 03:15:05','2024-11-18 03:15:05'),(100,'Otto McKenzie','active','2024-11-18 03:15:05','2024-11-18 03:15:05');
/*!40000 ALTER TABLE `tags` ENABLE KEYS */;
UNLOCK TABLES;
DROP TABLE IF EXISTS `users`;
/*!40101 SET @saved_cs_client     = @@character_set_client */;
/*!50503 SET character_set_client = utf8mb4 */;
CREATE TABLE `users` (
  `id` bigint unsigned NOT NULL AUTO_INCREMENT,
  `name` varchar(255) COLLATE utf8mb4_unicode_ci NOT NULL,
  `email` varchar(255) COLLATE utf8mb4_unicode_ci NOT NULL,
  `thumbnail` varchar(255) COLLATE utf8mb4_unicode_ci DEFAULT NULL,
  `email_verified_at` timestamp NULL DEFAULT NULL,
  `password` varchar(255) COLLATE utf8mb4_unicode_ci NOT NULL,
  `status` enum('active','inactive') COLLATE utf8mb4_unicode_ci NOT NULL DEFAULT 'active',
  `role` enum('client','admin') COLLATE utf8mb4_unicode_ci NOT NULL DEFAULT 'admin',
  `remember_token` varchar(100) COLLATE utf8mb4_unicode_ci DEFAULT NULL,
  `deleted_at` timestamp NULL DEFAULT NULL,
  `created_at` timestamp NULL DEFAULT NULL,
  `updated_at` timestamp NULL DEFAULT NULL,
  PRIMARY KEY (`id`),
  UNIQUE KEY `users_email_unique` (`email`)
) ENGINE=InnoDB AUTO_INCREMENT=2 DEFAULT CHARSET=utf8mb4 COLLATE=utf8mb4_unicode_ci;
/*!40101 SET character_set_client = @saved_cs_client */;

LOCK TABLES `users` WRITE;
/*!40000 ALTER TABLE `users` DISABLE KEYS */;
INSERT INTO `users` VALUES (1,'Admin','admin@admin.com',NULL,NULL,'$2y$12$4wK0Vuba7mZVJNyAlH4mPuwU04omwoNXzIU4JNKY7KJF57i6tOCIm','active','admin',NULL,NULL,'2024-11-18 03:15:05','2024-11-18 03:15:05');
/*!40000 ALTER TABLE `users` ENABLE KEYS */;
UNLOCK TABLES;
/*!40103 SET TIME_ZONE=@OLD_TIME_ZONE */;

/*!40101 SET SQL_MODE=@OLD_SQL_MODE */;
/*!40014 SET FOREIGN_KEY_CHECKS=@OLD_FOREIGN_KEY_CHECKS */;
/*!40014 SET UNIQUE_CHECKS=@OLD_UNIQUE_CHECKS */;
/*!40101 SET CHARACTER_SET_CLIENT=@OLD_CHARACTER_SET_CLIENT */;
/*!40101 SET CHARACTER_SET_RESULTS=@OLD_CHARACTER_SET_RESULTS */;
/*!40101 SET COLLATION_CONNECTION=@OLD_COLLATION_CONNECTION */;
/*!40111 SET SQL_NOTES=@OLD_SQL_NOTES */;

